<?xml version="1.0" encoding="UTF-8"?>
<!DOCTYPE VNCLASS SYSTEM "vn_class-3.dtd">
<VNCLASS ID="break-45.1" xmlns:xsi="http://www.w3.org/2001/XMLSchema-instance" xsi:noNamespaceSchemaLocation="vn_schema-3.xsd">
    <MEMBERS>
        <!--Each verb specifies Form of Patient as a result of the breaking action-->
        <MEMBER name="break" wn="break%2:30:00 break%2:30:10 break%2:30:05 break%2:38:11 break%2:35:05 break%2:30:15 break%2:29:04"/>
        <MEMBER name="chip" wn="chip%2:35:01 chip%2:35:03 chip%2:35:00"/>
        <MEMBER name="crack" wn="crack%2:30:01 crack%2:30:02 crack%2:30:00 crack%2:30:05"/>
        <MEMBER name="crash" wn="crash%2:38:02 crash%2:35:00 crash%2:35:01 crash%2:35:02"/>
        <MEMBER name="crush" wn="crush%2:35:00 crush%2:30:00 crush%2:35:01 crush%2:30:08"/>
        <MEMBER name="fracture" wn="fracture%2:30:10 fracture%2:29:02 fracture%2:29:01 fracture%2:29:00"/>
        <MEMBER name="rip" wn="rip%2:35:00"/>
        <MEMBER name="shatter" wn="shatter%2:30:00 shatter%2:30:01"/>
        <MEMBER name="smash" wn="smash%2:30:00 smash%2:35:08"/>
        <MEMBER name="snap" wn="snap%2:35:01 snap%2:30:00"/>
        <MEMBER name="splinter" wn="splinter%2:41:01 splinter%2:30:00"/>
        <MEMBER name="split" wn="split%2:35:00 split%2:30:01"/>
        <MEMBER name="tear" wn="tear%2:35:00 tear%2:35:01"/>
    </MEMBERS>
    <THEMROLES>
        <THEMROLE type="Agent">
            <SELRESTRS>
                <SELRESTR Value="+" type="int_control"/>
            </SELRESTRS>
        </THEMROLE>
        <THEMROLE type="Patient">
            <SELRESTRS>
                <SELRESTR Value="+" type="solid"/>
            </SELRESTRS>
        </THEMROLE>
        <THEMROLE type="Instrument">
            <SELRESTRS>
                <SELRESTR Value="+" type="solid"/>
            </SELRESTRS>
        </THEMROLE>
    </THEMROLES>
    <FRAMES>
        <FRAME>
            <DESCRIPTION descriptionNumber="0.2" primary="Basic Transitive" secondary="Causative" xtag="0.2"/>
            <EXAMPLES>
                <EXAMPLE>Tony broke the window.</EXAMPLE>
            </EXAMPLES>
            <SYNTAX>
                <NP value="Agent">
                    <SYNRESTRS/>
                </NP>
                <VERB/>
                <NP value="Patient">
                    <SYNRESTRS/>
                </NP>
            </SYNTAX>
            <SEMANTICS>
                <PRED value="cause">
                    <ARGS>
                        <ARG type="ThemRole" value="Agent"/>
                        <ARG type="Event" value="E"/>
                    </ARGS>
                </PRED>
                <PRED value="contact">
                    <ARGS>
                        <ARG type="Event" value="during(E)"/>
                        <ARG type="ThemRole" value="?Instrument"/>
                        <ARG type="ThemRole" value="Patient"/>
                    </ARGS>
                </PRED>
                <PRED value="degradation_material_integrity">
                    <ARGS>
                        <ARG type="Event" value="result(E)"/>
                        <ARG type="ThemRole" value="Patient"/>
                    </ARGS>
                </PRED>
                <PRED value="physical_form">
                    <ARGS>
                        <ARG type="Event" value="result(E)"/>
                        <ARG type="VerbSpecific" value="Form"/>
                        <ARG type="ThemRole" value="Patient"/>
                    </ARGS>
                </PRED>
            </SEMANTICS>
        </FRAME>
        <FRAME>
            <DESCRIPTION descriptionNumber="0.2" primary="NP-PP" secondary="Instrument-PP" xtag=""/>
            <EXAMPLES>
                <EXAMPLE>Tony broke the window with a hammer.</EXAMPLE>
            </EXAMPLES>
            <SYNTAX>
                <NP value="Agent">
                    <SYNRESTRS/>
                </NP>
                <VERB/>
                <NP value="Patient">
                    <SYNRESTRS/>
                </NP>
                <PREP value="with">
                    <SELRESTRS/>
                </PREP>
                <NP value="Instrument">
                    <SYNRESTRS/>
                </NP>
            </SYNTAX>
            <SEMANTICS>
                <PRED value="cause">
                    <ARGS>
                        <ARG type="ThemRole" value="Agent"/>
                        <ARG type="Event" value="E"/>
                    </ARGS>
                </PRED>
                <PRED value="contact">
                    <ARGS>
                        <ARG type="Event" value="during(E)"/>
                        <ARG type="ThemRole" value="Instrument"/>
                        <ARG type="ThemRole" value="Patient"/>
                    </ARGS>
                </PRED>
                <PRED value="degradation_material_integrity">
                    <ARGS>
                        <ARG type="Event" value="result(E)"/>
                        <ARG type="ThemRole" value="Patient"/>
                    </ARGS>
                </PRED>
                <PRED value="physical_form">
                    <ARGS>
                        <ARG type="Event" value="result(E)"/>
                        <ARG type="VerbSpecific" value="Form"/>
                        <ARG type="ThemRole" value="Patient"/>
                    </ARGS>
                </PRED>
                <PRED value="use">
                    <ARGS>
                        <ARG type="Event" value="during(E)"/>
                        <ARG type="ThemRole" value="Agent"/>
                        <ARG type="ThemRole" value="Instrument"/>
                    </ARGS>
                </PRED>
            </SEMANTICS>
        </FRAME>
        <FRAME>
            <DESCRIPTION descriptionNumber="0.1" primary="Intransitive" secondary="Inchoative" xtag="0.1"/>
            <EXAMPLES>
                <EXAMPLE>The window broke.</EXAMPLE>
            </EXAMPLES>
            <SYNTAX>
                <NP value="Patient">
                    <SYNRESTRS/>
                </NP>
                <VERB/>
            </SYNTAX>
            <SEMANTICS>
                <PRED value="degradation_material_integrity">
                    <ARGS>
                        <ARG type="Event" value="result(E)"/>
                        <ARG type="ThemRole" value="Patient"/>
                    </ARGS>
                </PRED>
                <PRED value="physical_form">
                    <ARGS>
                        <ARG type="Event" value="result(E)"/>
                        <ARG type="VerbSpecific" value="Form"/>
                        <ARG type="ThemRole" value="Patient"/>
                    </ARGS>
                </PRED>
            </SEMANTICS>
        </FRAME>
        <FRAME>
            <DESCRIPTION descriptionNumber="1.1.1" primary="Middle Construction" secondary="" xtag=""/>
            <EXAMPLES>
                <EXAMPLE>Crystal vases break easily.</EXAMPLE>
            </EXAMPLES>
            <SYNTAX>
                <NP value="Patient">
                    <SYNRESTRS/>
                </NP>
                <VERB/>
                <ADV/>
            </SYNTAX>
            <SEMANTICS>
                <PRED value="property">
                    <ARGS>
                        <ARG type="ThemRole" value="Patient"/>
                        <ARG type="VerbSpecific" value="Prop"/>
                    </ARGS>
                </PRED>
                <PRED value="Adv">
                    <ARGS>
                        <ARG type="VerbSpecific" value="Prop"/>
                    </ARGS>
                </PRED>
            </SEMANTICS>
        </FRAME>
        <FRAME>
            <DESCRIPTION descriptionNumber="3.3" primary="Instrument Subject Alternation" secondary="" xtag=""/>
            <EXAMPLES>
                <EXAMPLE>The hammer broke the window.</EXAMPLE>
            </EXAMPLES>
            <SYNTAX>
                <NP value="Instrument">
                    <SYNRESTRS/>
                </NP>
                <VERB/>
                <NP value="Patient">
                    <SYNRESTRS/>
                </NP>
            </SYNTAX>
            <SEMANTICS>
                <PRED value="contact">
                    <ARGS>
                        <ARG type="Event" value="during(E)"/>
                        <ARG type="ThemRole" value="Instrument"/>
                        <ARG type="ThemRole" value="Patient"/>
                    </ARGS>
                </PRED>
                <PRED value="degradation_material_integrity">
                    <ARGS>
                        <ARG type="Event" value="result(E)"/>
                        <ARG type="ThemRole" value="Patient"/>
                    </ARGS>
                </PRED>
                <PRED value="physical_form">
                    <ARGS>
                        <ARG type="Event" value="result(E)"/>
                        <ARG type="VerbSpecific" value="Form"/>
                        <ARG type="ThemRole" value="Patient"/>
                    </ARGS>
                </PRED>
            </SEMANTICS>
        </FRAME>
        <FRAME>
            <DESCRIPTION descriptionNumber="0.4" primary="NP-ADJP" secondary="Resultative" xtag=""/>
            <EXAMPLES>
                <EXAMPLE>Tony broke the piggy bank open.</EXAMPLE>
            </EXAMPLES>
            <SYNTAX>
                <NP value="Agent">
                    <SYNRESTRS/>
                </NP>
                <VERB/>
                <NP value="Patient">
                    <SYNRESTRS/>
                </NP>
                <ADJ/>
            </SYNTAX>
            <SEMANTICS>
                <PRED value="cause">
                    <ARGS>
                        <ARG type="ThemRole" value="Agent"/>
                        <ARG type="Event" value="E"/>
                    </ARGS>
                </PRED>
                <PRED value="contact">
                    <ARGS>
                        <ARG type="Event" value="during(E)"/>
                        <ARG type="ThemRole" value="?Instrument"/>
                        <ARG type="ThemRole" value="Patient"/>
                    </ARGS>
                </PRED>
                <PRED value="degradation_material_integrity">
                    <ARGS>
                        <ARG type="Event" value="result(E)"/>
                        <ARG type="ThemRole" value="Patient"/>
                    </ARGS>
                </PRED>
                <PRED value="physical_form">
                    <ARGS>
                        <ARG type="Event" value="result(E)"/>
                        <ARG type="VerbSpecific" value="Form"/>
                        <ARG type="ThemRole" value="Patient"/>
                    </ARGS>
                </PRED>
                <PRED value="Pred">
                    <ARGS>
                        <ARG type="Event" value="result(E)"/>
                        <ARG type="ThemRole" value="Patient"/>
                    </ARGS>
                </PRED>
            </SEMANTICS>
        </FRAME>
        <FRAME>
            <DESCRIPTION descriptionNumber="0.4" primary="NP-ADJP-PP" secondary="Resultative, Instrument-PP" xtag=""/>
            <EXAMPLES>
                <EXAMPLE>Tony broke the piggy bank open with a hammer.</EXAMPLE>
            </EXAMPLES>
            <SYNTAX>
                <NP value="Agent">
                    <SYNRESTRS/>
                </NP>
                <VERB/>
                <NP value="Patient">
                    <SYNRESTRS/>
                </NP>
                <ADJ/>
                <PREP value="with">
                    <SELRESTRS/>
                </PREP>
                <NP value="Instrument">
                    <SYNRESTRS/>
                </NP>
            </SYNTAX>
            <SEMANTICS>
                <PRED value="cause">
                    <ARGS>
                        <ARG type="ThemRole" value="Agent"/>
                        <ARG type="Event" value="E"/>
                    </ARGS>
                </PRED>
                <PRED value="contact">
                    <ARGS>
                        <ARG type="Event" value="during(E)"/>
                        <ARG type="ThemRole" value="Instrument"/>
                        <ARG type="ThemRole" value="Patient"/>
                    </ARGS>
                </PRED>
                <PRED value="degradation_material_integrity">
                    <ARGS>
                        <ARG type="Event" value="result(E)"/>
                        <ARG type="ThemRole" value="Patient"/>
                    </ARGS>
                </PRED>
                <PRED value="physical_form">
                    <ARGS>
                        <ARG type="Event" value="result(E)"/>
                        <ARG type="VerbSpecific" value="Form"/>
                        <ARG type="ThemRole" value="Patient"/>
                    </ARGS>
                </PRED>
                <PRED value="Pred">
                    <ARGS>
                        <ARG type="Event" value="result(E)"/>
                        <ARG type="ThemRole" value="Patient"/>
                    </ARGS>
                </PRED>
                <PRED value="use">
                    <ARGS>
                        <ARG type="Event" value="during(E)"/>
                        <ARG type="ThemRole" value="Agent"/>
                        <ARG type="ThemRole" value="Instrument"/>
                    </ARGS>
                </PRED>
            </SEMANTICS>
        </FRAME>
        <FRAME>
            <DESCRIPTION descriptionNumber="0.4" primary="NP-PP" secondary="Result-PP" xtag=""/>
            <EXAMPLES>
                <EXAMPLE>Tony broke the glass to pieces.</EXAMPLE>
            </EXAMPLES>
            <SYNTAX>
                <NP value="Agent">
                    <SYNRESTRS/>
                </NP>
                <VERB/>
                <NP value="Patient">
                    <SYNRESTRS/>
                </NP>
                <PREP value="to into">
                    <SELRESTRS/>
                </PREP>
                <NP value="Oblique">
                    <SELRESTRS>
                        <SELRESTR Value="+" type="state"/>
                    </SELRESTRS>
                </NP>
            </SYNTAX>
            <SEMANTICS>
                <PRED value="cause">
                    <ARGS>
                        <ARG type="ThemRole" value="Agent"/>
                        <ARG type="Event" value="E"/>
                    </ARGS>
                </PRED>
                <PRED value="contact">
                    <ARGS>
                        <ARG type="Event" value="during(E)"/>
                        <ARG type="ThemRole" value="?Instrument"/>
                        <ARG type="ThemRole" value="Patient"/>
                    </ARGS>
                </PRED>
                <PRED value="degradation_material_integrity">
                    <ARGS>
                        <ARG type="Event" value="result(E)"/>
                        <ARG type="ThemRole" value="Patient"/>
                    </ARGS>
                </PRED>
                <PRED value="physical_form">
                    <ARGS>
                        <ARG type="Event" value="result(E)"/>
                        <ARG type="VerbSpecific" value="Form"/>
                        <ARG type="ThemRole" value="Patient"/>
                    </ARGS>
                </PRED>
                <PRED value="Pred">
                    <ARGS>
                        <ARG type="Event" value="result(E)"/>
                        <ARG type="ThemRole" value="Patient"/>
                    </ARGS>
                </PRED>
            </SEMANTICS>
        </FRAME>
        <FRAME>
            <DESCRIPTION descriptionNumber="0.4" primary="NP-PP-PP" secondary="Result-PP, Instrument-PP" xtag=""/>
            <EXAMPLES>
                <EXAMPLE>Tony broke the glass to pieces with a hammer.</EXAMPLE>
            </EXAMPLES>
            <SYNTAX>
                <NP value="Agent">
                    <SYNRESTRS/>
                </NP>
                <VERB/>
                <NP value="Patient">
                    <SYNRESTRS/>
                </NP>
                <PREP value="to into">
                    <SELRESTRS/>
                </PREP>
                <NP value="Oblique">
                    <SELRESTRS>
                        <SELRESTR Value="+" type="state"/>
                    </SELRESTRS>
                </NP>
                <PREP value="with">
                    <SELRESTRS/>
                </PREP>
                <NP value="Instrument">
                    <SYNRESTRS/>
                </NP>
            </SYNTAX>
            <SEMANTICS>
                <PRED value="cause">
                    <ARGS>
                        <ARG type="ThemRole" value="Agent"/>
                        <ARG type="Event" value="E"/>
                    </ARGS>
                </PRED>
                <PRED value="contact">
                    <ARGS>
                        <ARG type="Event" value="during(E)"/>
                        <ARG type="ThemRole" value="Instrument"/>
                        <ARG type="ThemRole" value="Patient"/>
                    </ARGS>
                </PRED>
                <PRED value="degradation_material_integrity">
                    <ARGS>
                        <ARG type="Event" value="result(E)"/>
                        <ARG type="ThemRole" value="Patient"/>
                    </ARGS>
                </PRED>
                <PRED value="physical_form">
                    <ARGS>
                        <ARG type="Event" value="result(E)"/>
                        <ARG type="VerbSpecific" value="Form"/>
                        <ARG type="ThemRole" value="Patient"/>
                    </ARGS>
                </PRED>
                <PRED value="Pred">
                    <ARGS>
                        <ARG type="Event" value="result(E)"/>
                        <ARG type="ThemRole" value="Patient"/>
                    </ARGS>
                </PRED>
                <PRED value="use">
                    <ARGS>
                        <ARG type="Event" value="during(E)"/>
                        <ARG type="ThemRole" value="Agent"/>
                        <ARG type="ThemRole" value="Instrument"/>
                    </ARGS>
                </PRED>
            </SEMANTICS>
        </FRAME>
        <FRAME>
            <DESCRIPTION descriptionNumber="" primary="PP" secondary="Result-PP" xtag=""/>
            <EXAMPLES>
                <EXAMPLE>The glass broke into a thousand pieces.</EXAMPLE>
            </EXAMPLES>
            <SYNTAX>
                <NP value="Patient">
                    <SYNRESTRS/>
                </NP>
                <VERB/>
                <PREP value="to into">
                    <SELRESTRS/>
                </PREP>
                <NP value="Oblique">
                    <SELRESTRS>
                        <SELRESTR Value="+" type="state"/>
                    </SELRESTRS>
                </NP>
            </SYNTAX>
            <SEMANTICS>
                <PRED value="degradation_material_integrity">
                    <ARGS>
                        <ARG type="Event" value="result(E)"/>
                        <ARG type="ThemRole" value="Patient"/>
                    </ARGS>
                </PRED>
                <PRED value="Pred">
                    <ARGS>
                        <ARG type="Event" value="result(E)"/>
                        <ARG type="ThemRole" value="Patient"/>
                    </ARGS>
                </PRED>
            </SEMANTICS>
        </FRAME>
    </FRAMES>
    <SUBCLASSES/>
</VNCLASS>
