<?xml version="1.0" encoding="UTF-8"?>
<!DOCTYPE VNCLASS SYSTEM "vn_class-3.dtd">
<VNCLASS ID="breathe-40.1.2" xmlns:xsi="http://www.w3.org/2001/XMLSchema-instance" xsi:noNamespaceSchemaLocation="vn_schema-3.xsd">
    <MEMBERS>
        <!--Each member specifies a manner, and may specify a cognate object-->
        <MEMBER name="bleed" wn="bleed%2:29:00"/>
        <MEMBER name="dribble" wn="dribble%2:29:00"/>
        <MEMBER name="drool" wn="drool%2:29:00"/>
        <MEMBER name="puke" wn="puke%2:29:00"/>
        <MEMBER name="spit" wn="spit%2:29:00"/>
        <MEMBER name="sweat" wn="sweat%2:29:00"/>
        <MEMBER name="vomit" wn="vomit%2:29:00"/>
        <MEMBER name="weep" wn="weep%2:29:00"/>
    </MEMBERS>
    <THEMROLES>
        <THEMROLE type="Agent">
            <SELRESTRS>
                <SELRESTR Value="+" type="animate"/>
            </SELRESTRS>
        </THEMROLE>
        <THEMROLE type="Theme">
            <SELRESTRS/>
        </THEMROLE>
    </THEMROLES>
    <FRAMES>
        <FRAME>
            <DESCRIPTION descriptionNumber="0.1" primary="Basic Intransitive" secondary="" xtag="0.1"/>
            <EXAMPLES>
                <EXAMPLE>Paul breathed.</EXAMPLE>
            </EXAMPLES>
            <SYNTAX>
                <NP value="Agent">
                    <SYNRESTRS/>
                </NP>
                <VERB/>
            </SYNTAX>
            <SEMANTICS>
                <PRED value="body_process">
                    <ARGS>
                        <ARG type="Event" value="E"/>
                        <ARG type="ThemRole" value="Agent"/>
                    </ARGS>
                </PRED>
                <PRED value="emit">
                    <ARGS>
                        <ARG type="Event" value="during(E)"/>
                        <ARG type="ThemRole" value="Agent"/>
                        <ARG type="ThemRole" value="?Theme"/>
                    </ARGS>
                </PRED>
            </SEMANTICS>
        </FRAME>
        <FRAME>
            <DESCRIPTION descriptionNumber="0.1" primary="PP" secondary="Oblique-PP" xtag=""/>
            <EXAMPLES>
                <EXAMPLE>Paul breathed on Mary.</EXAMPLE>
            </EXAMPLES>
            <SYNTAX>
                <NP value="Agent">
                    <SYNRESTRS/>
                </NP>
                <VERB/>
                <PREP value="on onto">
                    <SELRESTRS/>
                </PREP>
                <NP value="Oblique">
                    <SELRESTRS/>
                </NP>
            </SYNTAX>
            <SEMANTICS>
                <PRED value="body_process">
                    <ARGS>
                        <ARG type="Event" value="E"/>
                        <ARG type="ThemRole" value="Agent"/>
                    </ARGS>
                </PRED>
                <PRED value="emit">
                    <ARGS>
                        <ARG type="Event" value="during(E)"/>
                        <ARG type="ThemRole" value="Agent"/>
                        <ARG type="ThemRole" value="?Theme"/>
                    </ARGS>
                </PRED>
                <PRED value="Prep">
                    <ARGS>
                        <ARG type="Event" value="E"/>
                        <ARG type="ThemRole" value="?Theme"/>
                        <ARG type="ThemRole" value="Oblique"/>
                    </ARGS>
                </PRED>
            </SEMANTICS>
        </FRAME>
        <FRAME>
            <DESCRIPTION descriptionNumber="0.2" primary="Transitive" secondary="Substance Object" xtag="0.2"/>
            <EXAMPLES>
                <EXAMPLE>The dragon breathed fire.</EXAMPLE>
            </EXAMPLES>
            <SYNTAX>
                <NP value="Agent">
                    <SYNRESTRS/>
                </NP>
                <VERB/>
                <NP value="Theme">
                    <SYNRESTRS/>
                </NP>
            </SYNTAX>
            <SEMANTICS>
                <PRED value="body_process">
                    <ARGS>
                        <ARG type="Event" value="E"/>
                        <ARG type="ThemRole" value="Agent"/>
                    </ARGS>
                </PRED>
                <PRED value="emit">
                    <ARGS>
                        <ARG type="Event" value="during(E)"/>
                        <ARG type="ThemRole" value="Agent"/>
                        <ARG type="ThemRole" value="Theme"/>
                    </ARGS>
                </PRED>
            </SEMANTICS>
        </FRAME>
        <FRAME>
            <DESCRIPTION descriptionNumber="" primary="NP-PP" secondary="Substance Object Oblique-PP" xtag=""/>
            <EXAMPLES>
                <EXAMPLE>The dragon breathed fire on Mary.</EXAMPLE>
            </EXAMPLES>
            <SYNTAX>
                <NP value="Agent">
                    <SYNRESTRS/>
                </NP>
                <VERB/>
                <NP value="Theme">
                    <SYNRESTRS/>
                </NP>
                <PREP value="on onto">
                    <SELRESTRS/>
                </PREP>
                <NP value="Oblique">
                    <SELRESTRS/>
                </NP>
            </SYNTAX>
            <SEMANTICS>
                <PRED value="body_process">
                    <ARGS>
                        <ARG type="Event" value="E"/>
                        <ARG type="ThemRole" value="Agent"/>
                    </ARGS>
                </PRED>
                <PRED value="emit">
                    <ARGS>
                        <ARG type="Event" value="during(E)"/>
                        <ARG type="ThemRole" value="Agent"/>
                        <ARG type="ThemRole" value="Theme"/>
                    </ARGS>
                </PRED>
                <PRED value="Prep">
                    <ARGS>
                        <ARG type="Event" value="E"/>
                        <ARG type="ThemRole" value="Theme"/>
                        <ARG type="ThemRole" value="Oblique"/>
                    </ARGS>
                </PRED>
            </SEMANTICS>
        </FRAME>
    </FRAMES>
    <SUBCLASSES>
        <VNSUBCLASS ID="breathe-40.1.2-1">
            <MEMBERS>
                <MEMBER name="breathe" wn="breathe%2:29:00 breathe%2:32:00"/>
                <MEMBER name="cough" wn="cough%2:29:00"/>
                <MEMBER name="cry" wn="cry%2:32:01 cry%2:29:02"/>
                <MEMBER name="defecate" wn=""/>
                <MEMBER name="expectorate" wn=""/>
                <MEMBER name="retch" wn=""/>
                <MEMBER name="slobber" wn=""/>
                <MEMBER name="urinate" wn=""/>
            </MEMBERS>
            <THEMROLES/>
            <FRAMES>
                <FRAME>
                    <DESCRIPTION descriptionNumber="0.2" primary="Transitive" secondary="Cognate Object" xtag="0.2"/>
                    <EXAMPLES>
                        <EXAMPLE>Paul breathed a deep breath.</EXAMPLE>
                    </EXAMPLES>
                    <SYNTAX>
                        <NP value="Agent">
                            <SYNRESTRS/>
                        </NP>
                        <VERB/>
                        <NP value="Theme">
                            <SYNRESTRS/>
                        </NP>
                    </SYNTAX>
                    <SEMANTICS>
                        <PRED value="body_process">
                            <ARGS>
                                <ARG type="Event" value="E"/>
                                <ARG type="ThemRole" value="Agent"/>
                            </ARGS>
                        </PRED>
                        <PRED value="emit">
                            <ARGS>
                                <ARG type="Event" value="during(E)"/>
                                <ARG type="ThemRole" value="Agent"/>
                                <ARG type="ThemRole" value="Theme"/>
                            </ARGS>
                        </PRED>
                    </SEMANTICS>
                </FRAME>
            </FRAMES>
            <SUBCLASSES/>
        </VNSUBCLASS>
    </SUBCLASSES>
</VNCLASS>



