<?xml version="1.0" encoding="UTF-8"?>
<!DOCTYPE VNCLASS SYSTEM "vn_class-3.dtd">
<VNCLASS ID="change_bodily_state-40.8.4" xmlns:xsi="http://www.w3.org/2001/XMLSchema-instance" xsi:noNamespaceSchemaLocation="vn_schema-3.xsd">
    <MEMBERS>
        <!--verb add a manner predicate-->
        <MEMBER name="blanch" wn="blanch%2:29:00"/>
        <MEMBER name="faint" wn="faint%2:29:00"/>
        <MEMBER name="sicken" wn="sicken%2:29:00"/>
        <MEMBER name="swoon" wn="swoon%2:29:00"/>
    </MEMBERS>
    <THEMROLES>
        <THEMROLE type="Experiencer">
            <SELRESTRS>
                <SELRESTR Value="+" type="animate"/>
            </SELRESTRS>
        </THEMROLE>
        <THEMROLE type="Cause">
            <SELRESTRS/>
        </THEMROLE>
    </THEMROLES>
    <FRAMES>
        <FRAME>
            <DESCRIPTION descriptionNumber="0.1" primary="Intransitive" secondary="" xtag="0.1"/>
            <EXAMPLES>
                <EXAMPLE>Sharon fainted.</EXAMPLE>
            </EXAMPLES>
            <SYNTAX>
                <NP value="Experiencer">
                    <SYNRESTRS/>
                </NP>
                <VERB/>
            </SYNTAX>
            <SEMANTICS>
                <PRED value="body_reflex">
                    <ARGS>
                        <ARG type="Event" value="E"/>
                        <ARG type="ThemRole" value="Experiencer"/>
                    </ARGS>
                </PRED>
                <PRED value="involuntary">
                    <ARGS>
                        <ARG type="Event" value="E"/>
                        <ARG type="ThemRole" value="Experiencer"/>
                    </ARGS>
                </PRED>
            </SEMANTICS>
        </FRAME>
        <FRAME>
            <DESCRIPTION descriptionNumber="0.1" primary="PP" secondary="Cause-PP" xtag=""/>
            <EXAMPLES>
                <EXAMPLE>Sharon fainted from hunger.</EXAMPLE>
                <EXAMPLE>Sharon fainted at the sight of the accident.</EXAMPLE>
            </EXAMPLES>
            <SYNTAX>
                <NP value="Experiencer">
                    <SYNRESTRS/>
                </NP>
                <VERB/>
                <PREP value="from at">
                    <SELRESTRS/>
                </PREP>
                <NP value="Cause">
                    <SYNRESTRS/>
                </NP>
            </SYNTAX>
            <SEMANTICS>
                <PRED value="body_reflex">
                    <ARGS>
                        <ARG type="Event" value="E"/>
                        <ARG type="ThemRole" value="Experiencer"/>
                    </ARGS>
                </PRED>
                <PRED value="involuntary">
                    <ARGS>
                        <ARG type="Event" value="E"/>
                        <ARG type="ThemRole" value="Experiencer"/>
                    </ARGS>
                </PRED>
                <PRED value="in_reaction_to">
                    <ARGS>
                        <ARG type="Event" value="E"/>
                        <ARG type="ThemRole" value="Cause"/>
                    </ARGS>
                </PRED>
            </SEMANTICS>
        </FRAME>
    </FRAMES>
    <SUBCLASSES/>
</VNCLASS>

