<?xml version="1.0" encoding="UTF-8"?>
<!DOCTYPE VNCLASS SYSTEM "vn_class-3.dtd">
<VNCLASS ID="consider-29.9" xmlns:xsi="http://www.w3.org/2001/XMLSchema-instance" xsi:noNamespaceSchemaLocation="vn_schema-3.xsd">
    <MEMBERS/>
    <THEMROLES>
        <THEMROLE type="Agent">
            <SELRESTRS logic="or">
                <SELRESTR Value="+" type="animate"/>
                <SELRESTR Value="+" type="organization"/>
            </SELRESTRS>
        </THEMROLE>
        <THEMROLE type="Theme">
            <SELRESTRS/>
        </THEMROLE>
        <THEMROLE type="Predicate">
            <SELRESTRS/>
        </THEMROLE>
    </THEMROLES>
    <FRAMES>
        <FRAME>
            <DESCRIPTION descriptionNumber="8.1" primary="HOW-S" secondary="" xtag=""/>
            <EXAMPLES>
                <EXAMPLE>I considered how he could become professor.</EXAMPLE>
            </EXAMPLES>
            <SYNTAX>
                <NP value="Agent">
                    <SYNRESTRS/>
                </NP>
                <VERB/>
                <NP value="Theme">
                    <SYNRESTRS>
                        <SYNRESTR Value="+" type="how_extract"/>
                    </SYNRESTRS>
                </NP>
            </SYNTAX>
            <SEMANTICS>
                <PRED value="consider">
                    <ARGS>
                        <ARG type="Event" value="during(E)"/>
                        <ARG type="ThemRole" value="Agent"/>
                        <ARG type="ThemRole" value="Theme"/>
                    </ARGS>
                </PRED>
            </SEMANTICS>
        </FRAME>
        <FRAME>
            <DESCRIPTION descriptionNumber="8.1" primary="HOW-TO-INF" secondary="" xtag=""/>
            <EXAMPLES>
                <EXAMPLE>I considered how to be a professor.</EXAMPLE>
            </EXAMPLES>
            <SYNTAX>
                <NP value="Agent">
                    <SYNRESTRS/>
                </NP>
                <VERB/>
                <NP value="Theme">
                    <SYNRESTRS>
                        <SYNRESTR Value="+" type="wh_inf"/>
                    </SYNRESTRS>
                </NP>
            </SYNTAX>
            <SEMANTICS>
                <PRED value="consider">
                    <ARGS>
                        <ARG type="Event" value="during(E)"/>
                        <ARG type="ThemRole" value="Agent"/>
                        <ARG type="ThemRole" value="Theme"/>
                    </ARGS>
                </PRED>
            </SEMANTICS>
        </FRAME>
    </FRAMES>
    <SUBCLASSES>
        <VNSUBCLASS ID="consider-29.9-1">
            <MEMBERS>
                <MEMBER name="view" wn=""/>
                <MEMBER name="acknowledge" wn=""/>
                <MEMBER name="deem" wn="deem%2:31:00"/>
                <MEMBER name="esteem" wn="esteem%2:31:00"/>
                <MEMBER name="imagine" wn="imagine%2:36:00"/>
                <MEMBER name="rate" wn="rate%2:31:00"/>
                <MEMBER name="reckon" wn="reckon%2:31:00"/>
                <MEMBER name="report" wn="report%2:32:01"/>
                
            </MEMBERS>
            <THEMROLES/>
            <FRAMES>
                <FRAME>
                    <DESCRIPTION descriptionNumber="8.1" primary="NP-P-ING" secondary="as-PP" xtag=""/>
                    <EXAMPLES>
                        <EXAMPLE>They considered him as being stupid.</EXAMPLE>
                    </EXAMPLES>
                    <SYNTAX>
                        <NP value="Agent">
                            <SYNRESTRS/>
                        </NP>
                        <VERB/>
                        <NP value="Theme">
                            <SYNRESTRS>
                                <SYNRESTR Value="+" type="np_p_ing"/>
                            </SYNRESTRS>
                        </NP>
                    </SYNTAX>
                    <SEMANTICS>
                        <PRED value="consider">
                            <ARGS>
                                <ARG type="Event" value="during(E)"/>
                                <ARG type="ThemRole" value="Agent"/>
                                <ARG type="ThemRole" value="Theme"/>
                            </ARGS>
                        </PRED>
                    </SEMANTICS>
                </FRAME>
                <FRAME>
                    <DESCRIPTION descriptionNumber="8.1" primary="NP-TOBE" secondary="" xtag=""/>
                    <EXAMPLES>
                        <EXAMPLE>They considered him to be the professor.</EXAMPLE>
                    </EXAMPLES>
                    <SYNTAX>
                        <NP value="Agent">
                            <SYNRESTRS/>
                        </NP>
                        <VERB/>
                        <NP value="Theme">
                            <SYNRESTRS>
                                <SYNRESTR Value="+" type="to_be"/>
                            </SYNRESTRS>
                        </NP>
                    </SYNTAX>
                    <SEMANTICS>
                        <PRED value="consider">
                            <ARGS>
                                <ARG type="Event" value="during(E)"/>
                                <ARG type="ThemRole" value="Agent"/>
                                <ARG type="ThemRole" value="Theme"/>
                            </ARGS>
                        </PRED>
                    </SEMANTICS>
                </FRAME>
                <FRAME>
                    <DESCRIPTION descriptionNumber="8.1" primary="S" secondary="" xtag=""/>
                    <EXAMPLES>
                        <EXAMPLE>They considered that he was the professor.</EXAMPLE>
                    </EXAMPLES>
                    <SYNTAX>
                        <NP value="Agent">
                            <SYNRESTRS/>
                        </NP>
                        <VERB/>
                        <NP value="Theme">
                            <SYNRESTRS>
                                <SYNRESTR Value="+" type="that_comp"/>
                            </SYNRESTRS>
                        </NP>
                    </SYNTAX>
                    <SEMANTICS>
                        <PRED value="consider">
                            <ARGS>
                                <ARG type="Event" value="during(E)"/>
                                <ARG type="ThemRole" value="Agent"/>
                                <ARG type="ThemRole" value="Theme"/>
                            </ARGS>
                        </PRED>
                    </SEMANTICS>
                </FRAME>
            </FRAMES>
            <SUBCLASSES>
                <VNSUBCLASS ID="consider-29.9-1-1">
                    <MEMBERS>
                        <MEMBER name="know" wn=""/>
                        <MEMBER name="recognize" wn=""/>
                        <MEMBER name="see" wn=""/>
                    </MEMBERS>
                    <THEMROLES/>
                    <FRAMES>
                        <FRAME>
                            <DESCRIPTION descriptionNumber="8.1" primary="NP-VEN-NP-OMIT" secondary="" xtag=""/>
                            <EXAMPLES>
                                <EXAMPLE>I considered the matter closed.</EXAMPLE>
                            </EXAMPLES>
                            <SYNTAX>
                                <NP value="Agent">
                                    <SYNRESTRS/>
                                </NP>
                                <VERB/>
                                <NP value="Theme">
                                    <SYNRESTRS>
                                        <SYNRESTR Value="+" type="np_ppart"/>
                                    </SYNRESTRS>
                                </NP>
                            </SYNTAX>
                            <SEMANTICS>
                                <PRED value="consider">
                                    <ARGS>
                                        <ARG type="Event" value="during(E)"/>
                                        <ARG type="ThemRole" value="Agent"/>
                                        <ARG type="ThemRole" value="Theme"/>
                                    </ARGS>
                                </PRED>
                            </SEMANTICS>
                        </FRAME>
                        <FRAME>
                            <DESCRIPTION descriptionNumber="8.1" primary="WH-S" secondary="" xtag=""/>
                            <EXAMPLES>
                                <EXAMPLE>He considered whether he should come.</EXAMPLE>
                            </EXAMPLES>
                            <SYNTAX>
                                <NP value="Agent">
                                    <SYNRESTRS/>
                                </NP>
                                <VERB/>
                                <NP value="Theme">
                                    <SYNRESTRS>
                                        <SYNRESTR Value="+" type="wh_comp"/>
                                    </SYNRESTRS>
                                </NP>
                            </SYNTAX>
                            <SEMANTICS>
                                <PRED value="consider">
                                    <ARGS>
                                        <ARG type="Event" value="during(E)"/>
                                        <ARG type="ThemRole" value="Agent"/>
                                        <ARG type="ThemRole" value="Theme"/>
                                    </ARGS>
                                </PRED>
                            </SEMANTICS>
                        </FRAME>
                        <FRAME>
                            <DESCRIPTION descriptionNumber="8.1" primary="WHAT-S" secondary="" xtag=""/>
                            <EXAMPLES>
                                <EXAMPLE>He considered what he should do.</EXAMPLE>
                            </EXAMPLES>
                            <SYNTAX>
                                <NP value="Agent">
                                    <SYNRESTRS/>
                                </NP>
                                <VERB/>
                                <NP value="Theme">
                                    <SYNRESTRS>
                                        <SYNRESTR Value="+" type="what_extract"/>
                                    </SYNRESTRS>
                                </NP>
                            </SYNTAX>
                            <SEMANTICS>
                                <PRED value="consider">
                                    <ARGS>
                                        <ARG type="Event" value="during(E)"/>
                                        <ARG type="ThemRole" value="Agent"/>
                                        <ARG type="ThemRole" value="Theme"/>
                                    </ARGS>
                                </PRED>
                            </SEMANTICS>
                        </FRAME>
                        <FRAME>
                            <DESCRIPTION descriptionNumber="8.1" primary="WHAT-TO-INF" secondary="" xtag=""/>
                            <EXAMPLES>
                                <EXAMPLE>He considered what to do.</EXAMPLE>
                            </EXAMPLES>
                            <SYNTAX>
                                <NP value="Agent">
                                    <SYNRESTRS/>
                                </NP>
                                <VERB/>
                                <NP value="Theme">
                                    <SYNRESTRS>
                                        <SYNRESTR Value="+" type="what_inf"/>
                                    </SYNRESTRS>
                                </NP>
                            </SYNTAX>
                            <SEMANTICS>
                                <PRED value="consider">
                                    <ARGS>
                                        <ARG type="Event" value="during(E)"/>
                                        <ARG type="ThemRole" value="Agent"/>
                                        <ARG type="ThemRole" value="Theme"/>
                                    </ARGS>
                                </PRED>
                            </SEMANTICS>
                        </FRAME>
                    </FRAMES>
                    <SUBCLASSES>
                        <VNSUBCLASS ID="consider-29.9-1-1-1">
                            <MEMBERS>
                                <MEMBER name="consider" wn=""/>
                                <MEMBER name="remember" wn=""/>
                                <MEMBER name="imagine" wn=""/>
                            </MEMBERS>
                            <THEMROLES/>
                            <FRAMES>
                                <FRAME>
                                    <DESCRIPTION descriptionNumber="8.1" primary="ING-SC/BE-ING-SC" secondary="" xtag=""/>
                                    <EXAMPLES>
                                        <EXAMPLE>He considered smoking.</EXAMPLE>
                                    </EXAMPLES>
                                    <SYNTAX>
                                        <NP value="Agent">
                                            <SYNRESTRS/>
                                        </NP>
                                        <VERB/>
                                        <NP value="Theme">
                                            <SYNRESTRS>
                                                <SYNRESTR Value="+" type="be_sc_ing"/>
                                            </SYNRESTRS>
                                        </NP>
                                    </SYNTAX>
                                    <SEMANTICS>
                                        <PRED value="consider">
                                            <ARGS>
                                                <ARG type="Event" value="during(E)"/>
                                                <ARG type="ThemRole" value="Agent"/>
                                                <ARG type="ThemRole" value="Theme"/>
                                            </ARGS>
                                        </PRED>
                                    </SEMANTICS>
                                </FRAME>
                                <FRAME>
                                    <DESCRIPTION descriptionNumber="8.1" primary="NP-ADJP-PRED" secondary="" xtag=""/>
                                    <EXAMPLES>
                                        <EXAMPLE>They considered him stupid.</EXAMPLE>
                                    </EXAMPLES>
                                    <SYNTAX>
                                        <NP value="Agent">
                                            <SYNRESTRS/>
                                        </NP>
                                        <VERB/>
                                        <NP value="Theme">
                                            <SYNRESTRS/>
                                        </NP>
                                        <ADJ/>
                                    </SYNTAX>
                                    <SEMANTICS>
                                        <PRED value="consider">
                                            <ARGS>
                                                <ARG type="Event" value="during(E)"/>
                                                <ARG type="ThemRole" value="Agent"/>
                                                <ARG type="ThemRole" value="Theme"/>
                                            </ARGS>
                                        </PRED>
                                    </SEMANTICS>
                                </FRAME>
                                <FRAME>
                                    <DESCRIPTION descriptionNumber="8.1" primary="NP-NP-PRED" secondary="" xtag=""/>
                                    <EXAMPLES>
                                        <EXAMPLE>They considered him professor.</EXAMPLE>
                                    </EXAMPLES>
                                    <SYNTAX>
                                        <NP value="Agent">
                                            <SYNRESTRS/>
                                        </NP>
                                        <VERB/>
                                        <NP value="Theme">
                                            <SYNRESTRS/>
                                        </NP>
                                        <NP value="Predicate">
                                            <SYNRESTRS>
                                                <SYNRESTR Value="-" type="sentential"/>
                                            </SYNRESTRS>
                                        </NP>
                                    </SYNTAX>
                                    <SEMANTICS>
                                        <PRED value="consider">
                                            <ARGS>
                                                <ARG type="Event" value="during(E)"/>
                                                <ARG type="ThemRole" value="Agent"/>
                                                <ARG type="ThemRole" value="Theme"/>
                                            </ARGS>
                                        </PRED>
                                    </SEMANTICS>
                                </FRAME>
                                <FRAME>
                                    <DESCRIPTION descriptionNumber="8.1" primary="NP-PP-PRED" secondary="for-PP" xtag=""/>
                                    <EXAMPLES>
                                        <EXAMPLE>They considered him for professor.</EXAMPLE>
                                    </EXAMPLES>
                                    <SYNTAX>
                                        <NP value="Agent">
                                            <SYNRESTRS/>
                                        </NP>
                                        <VERB/>
                                        <NP value="Theme">
                                            <SYNRESTRS/>
                                        </NP>
                                        <PREP value="for">
                                            <SELRESTRS/>
                                        </PREP>
                                        <NP value="Predicate">
                                            <SYNRESTRS>
                                                <SYNRESTR Value="-" type="sentential"/>
                                            </SYNRESTRS>
                                        </NP>
                                    </SYNTAX>
                                    <SEMANTICS>
                                        <PRED value="consider">
                                            <ARGS>
                                                <ARG type="Event" value="during(E)"/>
                                                <ARG type="ThemRole" value="Agent"/>
                                                <ARG type="ThemRole" value="Theme"/>
                                            </ARGS>
                                        </PRED>
                                    </SEMANTICS>
                                </FRAME>
                                <FRAME>
                                    <DESCRIPTION descriptionNumber="8.1" primary="WH-TO-INF" secondary="" xtag=""/>
                                    <EXAMPLES>
                                        <EXAMPLE>He considered whether to clean the house.</EXAMPLE>
                                    </EXAMPLES>
                                    <SYNTAX>
                                        <NP value="Agent">
                                            <SYNRESTRS/>
                                        </NP>
                                        <VERB/>
                                        <NP value="Topic">
                                            <SYNRESTRS>
                                                <SYNRESTR Value="+" type="wheth_inf"/>
                                            </SYNRESTRS>
                                        </NP>
                                    </SYNTAX>
                                    <SEMANTICS>
                                        <PRED value="consider">
                                            <ARGS>
                                                <ARG type="Event" value="during(E)"/>
                                                <ARG type="ThemRole" value="Agent"/>
                                                <ARG type="ThemRole" value="Theme"/>
                                            </ARGS>
                                        </PRED>
                                    </SEMANTICS>
                                </FRAME>
                            </FRAMES>
                            <SUBCLASSES/>
                        </VNSUBCLASS>
                    </SUBCLASSES>
                </VNSUBCLASS>
            </SUBCLASSES>
        </VNSUBCLASS>
        <VNSUBCLASS ID="consider-29.9-2">
            <MEMBERS>
                <MEMBER name="suspect" wn=""/>
                <MEMBER name="think" wn=""/>
                <MEMBER name="feel" wn=""/>
                <MEMBER name="suppose" wn=""/>
                <MEMBER name="believe" wn=""/>
            </MEMBERS>
            <THEMROLES/>
            <FRAMES>
                <FRAME>
                    <DESCRIPTION descriptionNumber="8.1" primary="NP-ADJP-PRED" secondary="" xtag=""/>
                    <EXAMPLES>
                        <EXAMPLE>They considered him stupid.</EXAMPLE>
                    </EXAMPLES>
                    <SYNTAX>
                        <NP value="Agent">
                            <SYNRESTRS/>
                        </NP>
                        <VERB/>
                        <NP value="Theme">
                            <SYNRESTRS/>
                        </NP>
                        <ADJ/>
                    </SYNTAX>
                    <SEMANTICS>
                        <PRED value="consider">
                            <ARGS>
                                <ARG type="Event" value="during(E)"/>
                                <ARG type="ThemRole" value="Agent"/>
                                <ARG type="ThemRole" value="Theme"/>
                            </ARGS>
                        </PRED>
                    </SEMANTICS>
                </FRAME>
                <FRAME>
                    <DESCRIPTION descriptionNumber="8.1" primary="NP-NP-PRED" secondary="" xtag=""/>
                    <EXAMPLES>
                        <EXAMPLE>They considered him professor.</EXAMPLE>
                    </EXAMPLES>
                    <SYNTAX>
                        <NP value="Agent">
                            <SYNRESTRS/>
                        </NP>
                        <VERB/>
                        <NP value="Theme">
                            <SYNRESTRS/>
                        </NP>
                        <NP value="Predicate">
                            <SYNRESTRS>
                                <SYNRESTR Value="-" type="sentential"/>
                            </SYNRESTRS>
                        </NP>
                    </SYNTAX>
                    <SEMANTICS>
                        <PRED value="consider">
                            <ARGS>
                                <ARG type="Event" value="during(E)"/>
                                <ARG type="ThemRole" value="Agent"/>
                                <ARG type="ThemRole" value="Theme"/>
                            </ARGS>
                        </PRED>
                    </SEMANTICS>
                </FRAME>
                <FRAME>
                    <DESCRIPTION descriptionNumber="8.1" primary="NP-TOBE" secondary="" xtag=""/>
                    <EXAMPLES>
                        <EXAMPLE>They considered him to be the professor.</EXAMPLE>
                    </EXAMPLES>
                    <SYNTAX>
                        <NP value="Agent">
                            <SYNRESTRS/>
                        </NP>
                        <VERB/>
                        <NP value="Theme">
                            <SYNRESTRS>
                                <SYNRESTR Value="+" type="to_be"/>
                            </SYNRESTRS>
                        </NP>
                    </SYNTAX>
                    <SEMANTICS>
                        <PRED value="consider">
                            <ARGS>
                                <ARG type="Event" value="during(E)"/>
                                <ARG type="ThemRole" value="Agent"/>
                                <ARG type="ThemRole" value="Theme"/>
                            </ARGS>
                        </PRED>
                    </SEMANTICS>
                </FRAME>
                <FRAME>
                    <DESCRIPTION descriptionNumber="8.1" primary="NP-VEN-NP-OMIT" secondary="" xtag=""/>
                    <EXAMPLES>
                        <EXAMPLE>They considered the children found.</EXAMPLE>
                    </EXAMPLES>
                    <SYNTAX>
                        <NP value="Agent">
                            <SYNRESTRS/>
                        </NP>
                        <VERB/>
                        <NP value="Theme">
                            <SYNRESTRS>
                                <SYNRESTR Value="+" type="np_ppart"/>
                            </SYNRESTRS>
                        </NP>
                    </SYNTAX>
                    <SEMANTICS>
                        <PRED value="consider">
                            <ARGS>
                                <ARG type="Event" value="during(E)"/>
                                <ARG type="ThemRole" value="Agent"/>
                                <ARG type="ThemRole" value="Theme"/>
                            </ARGS>
                        </PRED>
                    </SEMANTICS>
                </FRAME>
                <FRAME>
                    <DESCRIPTION descriptionNumber="8.1" primary="S" secondary="" xtag=""/>
                    <EXAMPLES>
                        <EXAMPLE>They considered that he was the professor.</EXAMPLE>
                    </EXAMPLES>
                    <SYNTAX>
                        <NP value="Agent">
                            <SYNRESTRS/>
                        </NP>
                        <VERB/>
                        <NP value="Theme">
                            <SYNRESTRS>
                                <SYNRESTR Value="+" type="that_comp"/>
                            </SYNRESTRS>
                        </NP>
                    </SYNTAX>
                    <SEMANTICS>
                        <PRED value="consider">
                            <ARGS>
                                <ARG type="Event" value="during(E)"/>
                                <ARG type="ThemRole" value="Agent"/>
                                <ARG type="ThemRole" value="Theme"/>
                            </ARGS>
                        </PRED>
                    </SEMANTICS>
                </FRAME>
            </FRAMES>
            <SUBCLASSES/>
        </VNSUBCLASS>
    </SUBCLASSES>
</VNCLASS>









