<?xml version="1.0" encoding="UTF-8"?>
<!DOCTYPE VNCLASS SYSTEM "vn_class-3.dtd">
<VNCLASS ID="cooperate-73" xmlns:xsi="http://www.w3.org/2001/XMLSchema-instance" xsi:noNamespaceSchemaLocation="vn_schema-3.xsd">
    <MEMBERS/>
    <THEMROLES>
        <THEMROLE type="Actor1">
            <SELRESTRS logic="or">
                <SELRESTR Value="+" type="animate"/>
                <SELRESTR Value="+" type="organization"/>
            </SELRESTRS>
        </THEMROLE>
        <THEMROLE type="Actor2">
            <SELRESTRS logic="or">
                <SELRESTR Value="+" type="animate"/>
                <SELRESTR Value="+" type="organization"/>
            </SELRESTRS>
        </THEMROLE>
        <THEMROLE type="Actor">
            <SELRESTRS logic="or">
                <SELRESTR Value="+" type="animate"/>
                <SELRESTR Value="+" type="organization"/>
            </SELRESTRS>
        </THEMROLE>
        <THEMROLE type="Theme">
            <SELRESTRS/>
        </THEMROLE>
    </THEMROLES>
    <FRAMES/>
    <SUBCLASSES>
        <VNSUBCLASS ID="cooperate-73-1">
            <MEMBERS>
                <MEMBER name="collaborate" wn=""/>
                <MEMBER name="cooperate" wn=""/>
                <MEMBER name="join" wn=""/>
            </MEMBERS>
            <THEMROLES/>
            <FRAMES>
                <FRAME>
                    <DESCRIPTION descriptionNumber="0.1" primary="PP" secondary="on-PP" xtag="0.2"/>
                    <EXAMPLES>
                        <EXAMPLE>They collaborated on the task.</EXAMPLE>
                    </EXAMPLES>
                    <SYNTAX>
                        <NP value="Actor">
                            <SYNRESTRS>
                                <SYNRESTR Value="+" type="plural"/>
                            </SYNRESTRS>
                        </NP>
                        <VERB/>
                        <PREP value="on">
                            <SELRESTRS/>
                        </PREP>
                        <NP value="Theme">
                            <SYNRESTRS>
                                <SYNRESTR Value="-" type="sentential"/>
                            </SYNRESTRS>
                        </NP>
                    </SYNTAX>
                    <SEMANTICS>
                        <PRED value="cooperate">
                            <ARGS>
                                <ARG type="Event" value="during(E)"/>
                                <ARG type="ThemRole" value="Actor_i"/>
                                <ARG type="ThemRole" value="Actor_j"/>
                                <ARG type="ThemRole" value="Theme"/>
                            </ARGS>
                        </PRED>
                    </SEMANTICS>
                </FRAME>
                <FRAME>
                    <DESCRIPTION descriptionNumber="0.1" primary="PP-PP" secondary="with-PP on-PP" xtag="0.2"/>
                    <EXAMPLES>
                        <EXAMPLE>John collaborated with Paul on the task.</EXAMPLE>
                    </EXAMPLES>
                    <SYNTAX>
                        <NP value="Actor1">
                            <SYNRESTRS/>
                        </NP>
                        <VERB/>
                        <PREP value="with">
                            <SELRESTRS/>
                        </PREP>
                        <NP value="Actor2">
                            <SYNRESTRS/>
                        </NP>
                        <PREP value="on">
                            <SELRESTRS/>
                        </PREP>
                        <NP value="Theme">
                            <SYNRESTRS>
                                <SYNRESTR Value="-" type="sentential"/>
                            </SYNRESTRS>
                        </NP>
                    </SYNTAX>
                    <SEMANTICS>
                        <PRED value="cooperate">
                            <ARGS>
                                <ARG type="Event" value="during(E)"/>
                                <ARG type="ThemRole" value="Actor1"/>
                                <ARG type="ThemRole" value="Actor2"/>
                                <ARG type="ThemRole" value="Theme"/>
                            </ARGS>
                        </PRED>
                    </SEMANTICS>
                </FRAME>
                <FRAME>
                    <DESCRIPTION descriptionNumber="0.1" primary="PP" secondary="in-PP" xtag="0.2"/>
                    <EXAMPLES>
                        <EXAMPLE>They collaborated in the task.</EXAMPLE>
                    </EXAMPLES>
                    <SYNTAX>
                        <NP value="Actor">
                            <SYNRESTRS>
                                <SYNRESTR Value="+" type="plural"/>
                            </SYNRESTRS>
                        </NP>
                        <VERB/>
                        <PREP value="in">
                            <SELRESTRS/>
                        </PREP>
                        <NP value="Theme">
                            <SYNRESTRS>
                                <SYNRESTR Value="-" type="sentential"/>
                            </SYNRESTRS>
                        </NP>
                    </SYNTAX>
                    <SEMANTICS>
                        <PRED value="cooperate">
                            <ARGS>
                                <ARG type="Event" value="during(E)"/>
                                <ARG type="ThemRole" value="Actor_i"/>
                                <ARG type="ThemRole" value="Actor_j"/>
                                <ARG type="ThemRole" value="Theme"/>
                            </ARGS>
                        </PRED>
                    </SEMANTICS>
                </FRAME>
                <FRAME>
                    <DESCRIPTION descriptionNumber="0.1" primary="PP-PP" secondary="with-PP in-PP" xtag="0.2"/>
                    <EXAMPLES>
                        <EXAMPLE>John collaborated with Paul in the task.</EXAMPLE>
                    </EXAMPLES>
                    <SYNTAX>
                        <NP value="Actor1">
                            <SYNRESTRS>
                                <SYNRESTR Value="+" type="plural"/>
                            </SYNRESTRS>
                        </NP>
                        <VERB/>
                        <PREP value="with">
                            <SELRESTRS/>
                        </PREP>
                        <NP value="Actor2">
                            <SYNRESTRS/>
                        </NP>
                        <PREP value="in">
                            <SELRESTRS/>
                        </PREP>
                        <NP value="Theme">
                            <SYNRESTRS>
                                <SYNRESTR Value="-" type="sentential"/>
                            </SYNRESTRS>
                        </NP>
                    </SYNTAX>
                    <SEMANTICS>
                        <PRED value="cooperate">
                            <ARGS>
                                <ARG type="Event" value="during(E)"/>
                                <ARG type="ThemRole" value="Actor1"/>
                                <ARG type="ThemRole" value="Actor2"/>
                                <ARG type="ThemRole" value="Theme"/>
                            </ARGS>
                        </PRED>
                    </SEMANTICS>
                </FRAME>
                <FRAME>
                    <DESCRIPTION descriptionNumber="8.1" primary="P-ING-SC" secondary="in-PP" xtag="0.2"/>
                    <EXAMPLES>
                        <EXAMPLE>They collaborated in finishing the task.</EXAMPLE>
                    </EXAMPLES>
                    <SYNTAX>
                        <NP value="Actor">
                            <SYNRESTRS>
                                <SYNRESTR Value="+" type="plural"/>
                            </SYNRESTRS>
                        </NP>
                        <VERB/>
                        <PREP value="in">
                            <SELRESTRS/>
                        </PREP>
                        <NP value="Theme">
                            <SYNRESTRS>
                                <SYNRESTR Value="+" type="sc_ing"/>
                            </SYNRESTRS>
                        </NP>
                    </SYNTAX>
                    <SEMANTICS>
                        <PRED value="cooperate">
                            <ARGS>
                                <ARG type="Event" value="during(E)"/>
                                <ARG type="ThemRole" value="Actor_i"/>
                                <ARG type="ThemRole" value="Actor_j"/>
                                <ARG type="ThemRole" value="Theme"/>
                            </ARGS>
                        </PRED>
                    </SEMANTICS>
                </FRAME>
            </FRAMES>
            <SUBCLASSES/>
        </VNSUBCLASS>
        <VNSUBCLASS ID="cooperate-73-2">
            <MEMBERS>
                <MEMBER name="participate" wn=""/>
            </MEMBERS>
            <THEMROLES/>
            <FRAMES>
                <FRAME>
                    <DESCRIPTION descriptionNumber="0.1" primary="PP" secondary="in-PP" xtag="0.2"/>
                    <EXAMPLES>
                        <EXAMPLE>They participated in the task.</EXAMPLE>
                    </EXAMPLES>
                    <SYNTAX>
                        <NP value="Actor">
                            <SYNRESTRS>
                                <SYNRESTR Value="+" type="plural"/>
                            </SYNRESTRS>
                        </NP>
                        <VERB/>
                        <PREP value="in">
                            <SELRESTRS/>
                        </PREP>
                        <NP value="Theme">
                            <SYNRESTRS>
                                <SYNRESTR Value="-" type="sentential"/>
                            </SYNRESTRS>
                        </NP>
                    </SYNTAX>
                    <SEMANTICS>
                        <PRED value="cooperate">
                            <ARGS>
                                <ARG type="Event" value="during(E)"/>
                                <ARG type="ThemRole" value="Actor_i"/>
                                <ARG type="ThemRole" value="Actor_j"/>
                                <ARG type="ThemRole" value="Theme"/>
                            </ARGS>
                        </PRED>
                    </SEMANTICS>
                </FRAME>
                <FRAME>
                    <DESCRIPTION descriptionNumber="8.1" primary="P-ING-SC" secondary="in-PP" xtag="0.2"/>
                    <EXAMPLES>
                        <EXAMPLE>They participated in finishing the task.</EXAMPLE>
                    </EXAMPLES>
                    <SYNTAX>
                        <NP value="Actor">
                            <SYNRESTRS>
                                <SYNRESTR Value="+" type="plural"/>
                            </SYNRESTRS>
                        </NP>
                        <VERB/>
                        <PREP value="in">
                            <SELRESTRS/>
                        </PREP>
                        <NP value="Theme">
                            <SYNRESTRS>
                                <SYNRESTR Value="+" type="sc_ing"/>
                            </SYNRESTRS>
                        </NP>
                    </SYNTAX>
                    <SEMANTICS>
                        <PRED value="cooperate">
                            <ARGS>
                                <ARG type="Event" value="during(E)"/>
                                <ARG type="ThemRole" value="Actor_i"/>
                                <ARG type="ThemRole" value="Actor_j"/>
                                <ARG type="ThemRole" value="Theme"/>
                            </ARGS>
                        </PRED>
                    </SEMANTICS>
                </FRAME>
            </FRAMES>
            <SUBCLASSES/>
        </VNSUBCLASS>
        <VNSUBCLASS ID="cooperate-73-3">
            <MEMBERS>
                <MEMBER name="labour" wn=""/>
                <MEMBER name="work" wn=""/>
            </MEMBERS>
            <THEMROLES/>
            <FRAMES>
                <FRAME>
                    <DESCRIPTION descriptionNumber="0.1" primary="PP" secondary="on-PP" xtag="0.2"/>
                    <EXAMPLES>
                        <EXAMPLE>They worked on the task.</EXAMPLE>
                    </EXAMPLES>
                    <SYNTAX>
                        <NP value="Actor">
                            <SYNRESTRS>
                                <SYNRESTR Value="+" type="plural"/>
                            </SYNRESTRS>
                        </NP>
                        <VERB/>
                        <PREP value="on">
                            <SELRESTRS/>
                        </PREP>
                        <NP value="Theme">
                            <SYNRESTRS>
                                <SYNRESTR Value="-" type="sentential"/>
                            </SYNRESTRS>
                        </NP>
                    </SYNTAX>
                    <SEMANTICS>
                        <PRED value="cooperate">
                            <ARGS>
                                <ARG type="Event" value="during(E)"/>
                                <ARG type="ThemRole" value="Actor_i"/>
                                <ARG type="ThemRole" value="Actor_j"/>
                                <ARG type="ThemRole" value="Theme"/>
                            </ARGS>
                        </PRED>
                    </SEMANTICS>
                </FRAME>
                <FRAME>
                    <DESCRIPTION descriptionNumber="0.1" primary="PP-PP" secondary="with-PP on-PP" xtag="0.2"/>
                    <EXAMPLES>
                        <EXAMPLE>John worked with Paul on the task.</EXAMPLE>
                    </EXAMPLES>
                    <SYNTAX>
                        <NP value="Actor1">
                            <SYNRESTRS/>
                        </NP>
                        <VERB/>
                        <PREP value="with">
                            <SELRESTRS/>
                        </PREP>
                        <NP value="Actor2">
                            <SYNRESTRS/>
                        </NP>
                        <PREP value="on">
                            <SELRESTRS/>
                        </PREP>
                        <NP value="Theme">
                            <SYNRESTRS>
                                <SYNRESTR Value="-" type="sentential"/>
                            </SYNRESTRS>
                        </NP>
                    </SYNTAX>
                    <SEMANTICS>
                        <PRED value="cooperate">
                            <ARGS>
                                <ARG type="Event" value="during(E)"/>
                                <ARG type="ThemRole" value="Actor1"/>
                                <ARG type="ThemRole" value="Actor2"/>
                                <ARG type="ThemRole" value="Theme"/>
                            </ARGS>
                        </PRED>
                    </SEMANTICS>
                </FRAME>
                <FRAME>
                    <DESCRIPTION descriptionNumber="8.1" primary="P-ING-SC" secondary="at-PP" xtag="0.2"/>
                    <EXAMPLES>
                        <EXAMPLE>They worked at finishing the task.</EXAMPLE>
                    </EXAMPLES>
                    <SYNTAX>
                        <NP value="Actor">
                            <SYNRESTRS>
                                <SYNRESTR Value="+" type="plural"/>
                            </SYNRESTRS>
                        </NP>
                        <VERB/>
                        <PREP value="at">
                            <SELRESTRS/>
                        </PREP>
                        <NP value="Theme">
                            <SYNRESTRS>
                                <SYNRESTR Value="+" type="sc_ing"/>
                            </SYNRESTRS>
                        </NP>
                    </SYNTAX>
                    <SEMANTICS>
                        <PRED value="cooperate">
                            <ARGS>
                                <ARG type="Event" value="during(E)"/>
                                <ARG type="ThemRole" value="Actor_i"/>
                                <ARG type="ThemRole" value="Actor_j"/>
                                <ARG type="ThemRole" value="Theme"/>
                            </ARGS>
                        </PRED>
                    </SEMANTICS>
                </FRAME>
                <FRAME>
                    <DESCRIPTION descriptionNumber="8.1" primary="P-ING-SC" secondary="with-PP at-PP" xtag="0.2"/>
                    <EXAMPLES>
                        <EXAMPLE>John worked with Paul at finishing the task.</EXAMPLE>
                    </EXAMPLES>
                    <SYNTAX>
                        <NP value="Actor1">
                            <SYNRESTRS>
                                <SYNRESTR Value="+" type="plural"/>
                            </SYNRESTRS>
                        </NP>
                        <VERB/>
                        <PREP value="with">
                            <SELRESTRS/>
                        </PREP>
                        <NP value="Actor2">
                            <SYNRESTRS/>
                        </NP>
                        <PREP value="at">
                            <SELRESTRS/>
                        </PREP>
                        <NP value="Theme">
                            <SYNRESTRS>
                                <SYNRESTR Value="+" type="sc_ing"/>
                            </SYNRESTRS>
                        </NP>
                    </SYNTAX>
                    <SEMANTICS>
                        <PRED value="cooperate">
                            <ARGS>
                                <ARG type="Event" value="during(E)"/>
                                <ARG type="ThemRole" value="Actor1"/>
                                <ARG type="ThemRole" value="Actor2"/>
                                <ARG type="ThemRole" value="Theme"/>
                            </ARGS>
                        </PRED>
                    </SEMANTICS>
                </FRAME>
            </FRAMES>
            <SUBCLASSES/>
        </VNSUBCLASS>
    </SUBCLASSES>
</VNCLASS>





