<?xml version="1.0" encoding="UTF-8"?>
<!DOCTYPE VNCLASS SYSTEM "vn_class-3.dtd">
<VNCLASS ID="create-26.4" xmlns:xsi="http://www.w3.org/2001/XMLSchema-instance" xsi:noNamespaceSchemaLocation="vn_schema-3.xsd">
    <MEMBERS>
        <MEMBER name="coin" wn="coin%2:36:01 coin%2:36:00"/>
        <MEMBER name="compose" wn="compose%2:36:03 compose%2:36:01 compose%2:36:09 compose%2:31:00"/>
        <MEMBER name="compute" wn="compute%2:31:00"/>
        <MEMBER name="concoct" wn="concoct%2:35:00 concoct%2:36:01 concoct%2:36:00"/>
        <MEMBER name="construct" wn="construct%2:36:00 construct%2:35:00"/>
        <MEMBER name="contrive" wn=""/>
        <MEMBER name="create" wn="create%2:36:13 create%2:36:03"/>
        <MEMBER name="derive" wn="derive%2:31:00"/>
        <MEMBER name="fabricate" wn="fabricate%2:36:01"/>
        <MEMBER name="form" wn="form%2:30:01 form%2:36:00"/>
        <MEMBER name="invent" wn="invent%2:36:00"/>
        <MEMBER name="manufacture" wn="manufacture%2:36:00"/>
        <MEMBER name="model" wn="model%2:36:02 model%2:36:00"/>
        <MEMBER name="organize" wn="organize%2:31:00"/>
        <MEMBER name="produce" wn="produce%2:36:00"/>
        <MEMBER name="recreate" wn=""/>
        <MEMBER name="style" wn="style%2:36:00"/>
        <MEMBER name="synthesize" wn=""/>
        <MEMBER name="lay" wn="lay%2:36:00"/>
    </MEMBERS>
    <THEMROLES>
        <THEMROLE type="Agent">
            <SELRESTRS logic="or">
                <SELRESTR Value="+" type="animate"/>
                <SELRESTR Value="+" type="machine"/>
            </SELRESTRS>
        </THEMROLE>
        <THEMROLE type="Product">
            <SELRESTRS/>
        </THEMROLE>
        <THEMROLE type="Material">
            <SELRESTRS/>
        </THEMROLE>
        <THEMROLE type="Beneficiary">
            <SELRESTRS>
                <SELRESTR Value="+" type="animate"/>
            </SELRESTRS>
        </THEMROLE>
    </THEMROLES>
    <FRAMES>
        <FRAME>
            <DESCRIPTION descriptionNumber="0.2" primary="Basic Transitive" secondary="" xtag="0.2"/>
            <EXAMPLES>
                <EXAMPLE>David constructed a house.</EXAMPLE>
            </EXAMPLES>
            <SYNTAX>
                <NP value="Agent">
                    <SYNRESTRS/>
                </NP>
                <VERB/>
                <NP value="Product">
                    <SYNRESTRS/>
                </NP>
            </SYNTAX>
            <SEMANTICS>
                <PRED bool="!" value="exist">
                    <ARGS>
                        <ARG type="Event" value="start(E)"/>
                        <ARG type="ThemRole" value="Product"/>
                    </ARGS>
                </PRED>
                <PRED value="exist">
                    <ARGS>
                        <ARG type="Event" value="result(E)"/>
                        <ARG type="ThemRole" value="Product"/>
                    </ARGS>
                </PRED>
                <PRED value="cause">
                    <ARGS>
                        <ARG type="ThemRole" value="Agent"/>
                        <ARG type="Event" value="E"/>
                    </ARGS>
                </PRED>
            </SEMANTICS>
        </FRAME>
        <FRAME>
            <DESCRIPTION descriptionNumber="0.2" primary="NP-PP" secondary="Material-PP" xtag=""/>
            <EXAMPLES>
                <EXAMPLE>David constructed a house out of sticks.</EXAMPLE>
            </EXAMPLES>
            <SYNTAX>
                <NP value="Agent">
                    <SYNRESTRS/>
                </NP>
                <VERB/>
                <NP value="Product">
                    <SYNRESTRS/>
                </NP>
                <PREP value="from out_of">
                    <SELRESTRS/>
                </PREP>
                <NP value="Material">
                    <SYNRESTRS/>
                </NP>
            </SYNTAX>
            <SEMANTICS>
                <PRED bool="!" value="exist">
                    <ARGS>
                        <ARG type="Event" value="start(E)"/>
                        <ARG type="ThemRole" value="Product"/>
                    </ARGS>
                </PRED>
                <PRED value="exist">
                    <ARGS>
                        <ARG type="Event" value="result(E)"/>
                        <ARG type="ThemRole" value="Product"/>
                    </ARGS>
                </PRED>
                <PRED value="made_of">
                    <ARGS>
                        <ARG type="Event" value="result(E)"/>
                        <ARG type="ThemRole" value="Product"/>
                        <ARG type="ThemRole" value="Material"/>
                    </ARGS>
                </PRED>
                <PRED value="cause">
                    <ARGS>
                        <ARG type="ThemRole" value="Agent"/>
                        <ARG type="Event" value="E"/>
                    </ARGS>
                </PRED>
            </SEMANTICS>
        </FRAME>
        <FRAME>
            <DESCRIPTION descriptionNumber="2.2" primary="NP-PP" secondary="for-PP" xtag=""/>
            <EXAMPLES>
                <EXAMPLE>David dug a hole for me.</EXAMPLE>
            </EXAMPLES>
            <SYNTAX>
                <NP value="Agent">
                    <SYNRESTRS/>
                </NP>
                <VERB/>
                <NP value="Product">
                    <SYNRESTRS/>
                </NP>
                <PREP value="for">
                    <SELRESTRS/>
                </PREP>
                <NP value="Beneficiary">
                    <SYNRESTRS/>
                </NP>
            </SYNTAX>
            <SEMANTICS>
                <PRED bool="!" value="exist">
                    <ARGS>
                        <ARG type="Event" value="start(E)"/>
                        <ARG type="ThemRole" value="Product"/>
                    </ARGS>
                </PRED>
                <PRED value="exist">
                    <ARGS>
                        <ARG type="Event" value="result(E)"/>
                        <ARG type="ThemRole" value="Product"/>
                    </ARGS>
                </PRED>
                <PRED value="cause">
                    <ARGS>
                        <ARG type="ThemRole" value="Agent"/>
                        <ARG type="Event" value="E"/>
                    </ARGS>
                </PRED>
                <PRED value="benefit">
                    <ARGS>
                        <ARG type="Event" value="E"/>
                        <ARG type="ThemRole" value="Beneficiary"/>
                    </ARGS>
                </PRED>
            </SEMANTICS>
        </FRAME>
        <FRAME>
            <DESCRIPTION descriptionNumber="" primary="NP-PP" secondary="as-PP" xtag=""/>
            <EXAMPLES>
                <EXAMPLE>They designed the Westinghouse-Mitsubishi venture as a non-equity transaction.</EXAMPLE>
            </EXAMPLES>
            <SYNTAX>
                <NP value="Agent">
                    <SYNRESTRS/>
                </NP>
                <VERB/>
                <NP value="Product">
                    <SYNRESTRS/>
                </NP>
                <LEX value="as"/>
                <NP value="Oblique">
                    <SYNRESTRS/>
                </NP>
            </SYNTAX>
            <SEMANTICS>
                <PRED bool="!" value="exist">
                    <ARGS>
                        <ARG type="Event" value="start(E)"/>
                        <ARG type="ThemRole" value="Product"/>
                    </ARGS>
                </PRED>
                <PRED value="exist">
                    <ARGS>
                        <ARG type="Event" value="result(E)"/>
                        <ARG type="ThemRole" value="Product"/>
                    </ARGS>
                </PRED>
                <PRED value="cause">
                    <ARGS>
                        <ARG type="Event" value="E"/>
                        <ARG type="ThemRole" value="Agent"/>
                    </ARGS>
                </PRED>
            </SEMANTICS>
        </FRAME>
    </FRAMES>
    <SUBCLASSES>
        <VNSUBCLASS ID="create-26.4-1">
            <MEMBERS>
                <MEMBER name="conjure" wn=""/>
                <MEMBER name="design" wn="design%2:31:00 design%2:36:01 design%2:36:00"/>
                <MEMBER name="dig" wn="dig%2:35:01"/>
                <MEMBER name="mint" wn="mint%2:36:00"/>
                <MEMBER name="publish" wn=""/>
                <MEMBER name="rearrange" wn=""/>
                <MEMBER name="reconstitute" wn=""/>
                <MEMBER name="reorganize" wn=""/>
                <MEMBER name="schedule" wn=""/>
                <MEMBER name="stage" wn=""/>
            </MEMBERS>
            <THEMROLES/>
            <FRAMES>
                <FRAME>
                    <DESCRIPTION descriptionNumber="2.2" primary="NP-NP" secondary="Beneficiary Object" xtag=""/>
                    <EXAMPLES>
                        <EXAMPLE>David dug me a hole.</EXAMPLE>
                    </EXAMPLES>
                    <SYNTAX>
                        <NP value="Agent">
                            <SYNRESTRS/>
                        </NP>
                        <VERB/>
                        <NP value="Beneficiary">
                            <SYNRESTRS/>
                        </NP>
                        <NP value="Product">
                            <SYNRESTRS/>
                        </NP>
                    </SYNTAX>
                    <SEMANTICS>
                        <PRED bool="!" value="exist">
                            <ARGS>
                                <ARG type="Event" value="start(E)"/>
                                <ARG type="ThemRole" value="Product"/>
                            </ARGS>
                        </PRED>
                        <PRED value="exist">
                            <ARGS>
                                <ARG type="Event" value="result(E)"/>
                                <ARG type="ThemRole" value="Product"/>
                            </ARGS>
                        </PRED>
                        <PRED value="cause">
                            <ARGS>
                                <ARG type="ThemRole" value="Agent"/>
                                <ARG type="Event" value="E"/>
                            </ARGS>
                        </PRED>
                        <PRED value="benefit">
                            <ARGS>
                                <ARG type="Event" value="E"/>
                                <ARG type="ThemRole" value="Beneficiary"/>
                            </ARGS>
                        </PRED>
                    </SEMANTICS>
                </FRAME>
            </FRAMES>
            <SUBCLASSES/>
        </VNSUBCLASS>
    </SUBCLASSES>
</VNCLASS>





