<?xml version="1.0" encoding="UTF-8"?>
<!DOCTYPE VNCLASS SYSTEM "vn_class-3.dtd">
<VNCLASS ID="differ-23.4" xmlns:xsi="http://www.w3.org/2001/XMLSchema-instance" xsi:noNamespaceSchemaLocation="vn_schema-3.xsd">
    <MEMBERS>
        <MEMBER name="branch" wn=""/>
        <MEMBER name="deviate" wn=""/>
        <MEMBER name="differ" wn="differ%2:42:00"/>
        <MEMBER name="diverge" wn="diverge%2:38:00 diverge%2:42:02 diverge%2:42:01"/>
    </MEMBERS>
    <THEMROLES>
        <THEMROLE type="Theme">
            <SELRESTRS/>
        </THEMROLE>
        <THEMROLE type="Theme1">
            <SELRESTRS/>
        </THEMROLE>
        <THEMROLE type="Theme2">
            <SELRESTRS/>
        </THEMROLE>
    </THEMROLES>
    <FRAMES>
        <FRAME>
            <DESCRIPTION descriptionNumber="0.1" primary="PP" secondary="from/with-PP" xtag=""/>
            <EXAMPLES>
                <EXAMPLE>The winter schedule differed from the spring schedule.</EXAMPLE>
            </EXAMPLES>
            <SYNTAX>
                <NP value="Theme1">
                    <SYNRESTRS/>
                </NP>
                <VERB/>
                <PREP value="from with">
                    <SELRESTRS/>
                </PREP>
                <NP value="Theme2">
                    <SYNRESTRS/>
                </NP>
            </SYNTAX>
            <SEMANTICS>
                <PRED value="different">
                    <ARGS>
                        <ARG type="ThemRole" value="Theme1"/>
                        <ARG type="ThemRole" value="Theme2"/>
                    </ARGS>
                </PRED>
            </SEMANTICS>
        </FRAME>
        <FRAME>
            <DESCRIPTION descriptionNumber="2.5.4" primary="Simple Reciprocal Intransitive" secondary="" xtag=""/>
            <EXAMPLES>
                <EXAMPLE>This flyer and that flyer differ.</EXAMPLE>
            </EXAMPLES>
            <SYNTAX>
                <NP value="Theme">
                    <SYNRESTRS>
                        <SYNRESTR Value="+" type="plural"/>
                    </SYNRESTRS>
                </NP>
                <VERB/>
            </SYNTAX>
            <SEMANTICS>
                <PRED value="different">
                    <ARGS>
                        <ARG type="ThemRole" value="Theme_i"/>
                        <ARG type="ThemRole" value="Theme_j"/>
                    </ARGS>
                </PRED>
            </SEMANTICS>
        </FRAME>
    </FRAMES>
    <SUBCLASSES/>
</VNCLASS>
