<?xml version="1.0" encoding="UTF-8"?>
<!DOCTYPE VNCLASS SYSTEM "vn_class-3.dtd">
<VNCLASS ID="discover-84" xmlns:xsi="http://www.w3.org/2001/XMLSchema-instance" xsi:noNamespaceSchemaLocation="vn_schema-3.xsd">
    <MEMBERS>
        <MEMBER name="discover" wn=""/>
        <MEMBER name="ascertain" wn=""/>
    </MEMBERS>
    <THEMROLES>
        <THEMROLE type="Agent">
            <SELRESTRS logic="or">
                <SELRESTR Value="+" type="animate"/>
                <SELRESTR Value="+" type="organization"/>
            </SELRESTRS>
        </THEMROLE>
        <THEMROLE type="Theme">
            <SELRESTRS/>
        </THEMROLE>
        <THEMROLE type="Source">
            <SELRESTRS/>
        </THEMROLE>
    </THEMROLES>
    <FRAMES>
        <FRAME>
            <DESCRIPTION descriptionNumber="8.1" primary="HOW-S" secondary="" xtag="0.2"/>
            <EXAMPLES>
                <EXAMPLE>I discovered how she did it.</EXAMPLE>
            </EXAMPLES>
            <SYNTAX>
                <NP value="Agent">
                    <SYNRESTRS/>
                </NP>
                <VERB/>
                <NP value="Theme">
                    <SYNRESTRS>
                        <SYNRESTR Value="+" type="how_extract"/>
                    </SYNRESTRS>
                </NP>
            </SYNTAX>
            <SEMANTICS>
                <PRED value="discover">
                    <ARGS>
                        <ARG type="Event" value="during(E)"/>
                        <ARG type="ThemRole" value="Agent"/>
                        <ARG type="ThemRole" value="Theme"/>
                        <ARG type="ThemRole" value="?Source"/>
                    </ARGS>
                </PRED>
            </SEMANTICS>
        </FRAME>
        <FRAME>
            <DESCRIPTION descriptionNumber="8.1" primary="HOW-TO-INF" secondary="" xtag="0.2"/>
            <EXAMPLES>
                <EXAMPLE>I discovered how to do it.</EXAMPLE>
            </EXAMPLES>
            <SYNTAX>
                <NP value="Agent">
                    <SYNRESTRS/>
                </NP>
                <VERB/>
                <NP value="Theme">
                    <SYNRESTRS>
                        <SYNRESTR Value="+" type="wh_inf"/>
                    </SYNRESTRS>
                </NP>
            </SYNTAX>
            <SEMANTICS>
                <PRED value="discover">
                    <ARGS>
                        <ARG type="Event" value="during(E)"/>
                        <ARG type="ThemRole" value="Agent"/>
                        <ARG type="ThemRole" value="Theme"/>
                        <ARG type="ThemRole" value="?Source"/>
                    </ARGS>
                </PRED>
            </SEMANTICS>
        </FRAME>
        <FRAME>
            <DESCRIPTION descriptionNumber="0.2" primary="Basic Transitive" secondary="" xtag="0.2"/>
            <EXAMPLES>
                <EXAMPLE>I discovered the fleece.</EXAMPLE>
            </EXAMPLES>
            <SYNTAX>
                <NP value="Agent">
                    <SYNRESTRS/>
                </NP>
                <VERB/>
                <NP value="Theme">
                    <SYNRESTRS>
                        <SYNRESTR Value="-" type="sentential"/>
                    </SYNRESTRS>
                </NP>
            </SYNTAX>
            <SEMANTICS>
                <PRED value="discover">
                    <ARGS>
                        <ARG type="Event" value="during(E)"/>
                        <ARG type="ThemRole" value="Agent"/>
                        <ARG type="ThemRole" value="Theme"/>
                        <ARG type="ThemRole" value="?Source"/>
                    </ARGS>
                </PRED>
            </SEMANTICS>
        </FRAME>
        <FRAME>
            <DESCRIPTION descriptionNumber="8.1" primary="S" secondary="" xtag="0.2"/>
            <EXAMPLES>
                <EXAMPLE>I discovered that it didn't make sense.</EXAMPLE>
            </EXAMPLES>
            <SYNTAX>
                <NP value="Agent">
                    <SYNRESTRS/>
                </NP>
                <VERB/>
                <NP value="Theme">
                    <SYNRESTRS>
                        <SYNRESTR Value="+" type="that_comp"/>
                    </SYNRESTRS>
                </NP>
            </SYNTAX>
            <SEMANTICS>
                <PRED value="discover">
                    <ARGS>
                        <ARG type="Event" value="during(E)"/>
                        <ARG type="ThemRole" value="Agent"/>
                        <ARG type="ThemRole" value="Theme"/>
                        <ARG type="ThemRole" value="?Source"/>
                    </ARGS>
                </PRED>
            </SEMANTICS>
        </FRAME>
        <FRAME>
            <DESCRIPTION descriptionNumber="0.2" primary="WHAT-S" secondary="" xtag="0.2"/>
            <EXAMPLES>
                <EXAMPLE>I discovered what he should do.</EXAMPLE>
            </EXAMPLES>
            <SYNTAX>
                <NP value="Agent">
                    <SYNRESTRS/>
                </NP>
                <VERB/>
                <NP value="Theme">
                    <SYNRESTRS>
                        <SYNRESTR Value="+" type="what_extract"/>
                    </SYNRESTRS>
                </NP>
            </SYNTAX>
            <SEMANTICS>
                <PRED value="discover">
                    <ARGS>
                        <ARG type="Event" value="during(E)"/>
                        <ARG type="ThemRole" value="Agent"/>
                        <ARG type="ThemRole" value="Theme"/>
                        <ARG type="ThemRole" value="?Source"/>
                    </ARGS>
                </PRED>
            </SEMANTICS>
        </FRAME>
        <FRAME>
            <DESCRIPTION descriptionNumber="8.1" primary="WHAT-TO-INF" secondary="" xtag="0.2"/>
            <EXAMPLES>
                <EXAMPLE>I discovered what to do.</EXAMPLE>
            </EXAMPLES>
            <SYNTAX>
                <NP value="Agent">
                    <SYNRESTRS/>
                </NP>
                <VERB/>
                <NP value="Theme">
                    <SYNRESTRS>
                        <SYNRESTR Value="+" type="what_inf"/>
                    </SYNRESTRS>
                </NP>
            </SYNTAX>
            <SEMANTICS>
                <PRED value="discover">
                    <ARGS>
                        <ARG type="Event" value="during(E)"/>
                        <ARG type="ThemRole" value="Agent"/>
                        <ARG type="ThemRole" value="Theme"/>
                        <ARG type="ThemRole" value="?Source"/>
                    </ARGS>
                </PRED>
            </SEMANTICS>
        </FRAME>
    </FRAMES>
    <SUBCLASSES>
        <VNSUBCLASS ID="discover-84-1">
            <MEMBERS>
                <MEMBER name="pick_up" wn=""/>
            </MEMBERS>
            <THEMROLES/>
            <FRAMES>
                <FRAME>
                    <DESCRIPTION descriptionNumber="8.1" primary="P-NP-ING" secondary="about-PP" xtag="0.1"/>
                    <EXAMPLES>
                        <EXAMPLE>I discovered about him drinking.</EXAMPLE>
                    </EXAMPLES>
                    <SYNTAX>
                        <NP value="Agent">
                            <SYNRESTRS/>
                        </NP>
                        <VERB/>
                        <PREP value="about">
                            <SELRESTRS/>
                        </PREP>
                        <NP value="Theme">
                            <SYNRESTRS>
                                <SYNRESTR Value="+" type="np_ing"/>
                            </SYNRESTRS>
                        </NP>
                    </SYNTAX>
                    <SEMANTICS>
                        <PRED value="discover">
                            <ARGS>
                                <ARG type="Event" value="during(E)"/>
                                <ARG type="ThemRole" value="Agent"/>
                                <ARG type="ThemRole" value="Theme"/>
                                <ARG type="ThemRole" value="?Source"/>
                            </ARGS>
                        </PRED>
                    </SEMANTICS>
                </FRAME>
                <FRAME>
                    <DESCRIPTION descriptionNumber="8.1" primary="PP-HOW-S" secondary="from-PP" xtag="0.1"/>
                    <EXAMPLES>
                        <EXAMPLE>I discovered from them how she did it.</EXAMPLE>
                    </EXAMPLES>
                    <SYNTAX>
                        <NP value="Agent">
                            <SYNRESTRS/>
                        </NP>
                        <VERB/>
                        <PREP value="from">
                            <SELRESTRS/>
                        </PREP>
                        <NP value="Source">
                            <SYNRESTRS/>
                        </NP>
                        <NP value="Theme">
                            <SYNRESTRS>
                                <SYNRESTR Value="+" type="how_extract"/>
                            </SYNRESTRS>
                        </NP>
                    </SYNTAX>
                    <SEMANTICS>
                        <PRED value="discover">
                            <ARGS>
                                <ARG type="Event" value="during(E)"/>
                                <ARG type="ThemRole" value="Agent"/>
                                <ARG type="ThemRole" value="Theme"/>
                                <ARG type="ThemRole" value="Source"/>
                            </ARGS>
                        </PRED>
                    </SEMANTICS>
                </FRAME>
                <FRAME>
                    <DESCRIPTION descriptionNumber="8.1" primary="PP-HOW-TO-INF" secondary="from-PP" xtag="0.1"/>
                    <EXAMPLES>
                        <EXAMPLE>I discovered from them how to do it.</EXAMPLE>
                    </EXAMPLES>
                    <SYNTAX>
                        <NP value="Agent">
                            <SYNRESTRS/>
                        </NP>
                        <VERB/>
                        <PREP value="from">
                            <SELRESTRS/>
                        </PREP>
                        <NP value="Source">
                            <SYNRESTRS/>
                        </NP>
                        <NP value="Theme">
                            <SYNRESTRS>
                                <SYNRESTR Value="+" type="wh_inf"/>
                            </SYNRESTRS>
                        </NP>
                    </SYNTAX>
                    <SEMANTICS>
                        <PRED value="discover">
                            <ARGS>
                                <ARG type="Event" value="during(E)"/>
                                <ARG type="ThemRole" value="Agent"/>
                                <ARG type="ThemRole" value="Theme"/>
                                <ARG type="ThemRole" value="Source"/>
                            </ARGS>
                        </PRED>
                    </SEMANTICS>
                </FRAME>
                <FRAME>
                    <DESCRIPTION descriptionNumber="8.1" primary="PP-P-WH-S" secondary="from-PP about-PP" xtag="0.1"/>
                    <EXAMPLES>
                        <EXAMPLE>I discovered from him about whether he should kill the peasants.</EXAMPLE>
                    </EXAMPLES>
                    <SYNTAX>
                        <NP value="Agent">
                            <SYNRESTRS/>
                        </NP>
                        <VERB/>
                        <PREP value="from">
                            <SELRESTRS/>
                        </PREP>
                        <NP value="Source">
                            <SYNRESTRS/>
                        </NP>
                        <PREP value="about">
                            <SELRESTRS/>
                        </PREP>
                        <NP value="Theme">
                            <SYNRESTRS>
                                <SYNRESTR Value="+" type="wh_comp"/>
                            </SYNRESTRS>
                        </NP>
                    </SYNTAX>
                    <SEMANTICS>
                        <PRED value="discover">
                            <ARGS>
                                <ARG type="Event" value="during(E)"/>
                                <ARG type="ThemRole" value="Agent"/>
                                <ARG type="ThemRole" value="Theme"/>
                                <ARG type="ThemRole" value="Source"/>
                            </ARGS>
                        </PRED>
                    </SEMANTICS>
                </FRAME>
                <FRAME>
                    <DESCRIPTION descriptionNumber="8.1" primary="PP-P-WHAT-S" secondary="from-PP about-PP" xtag="0.1"/>
                    <EXAMPLES>
                        <EXAMPLE>I discovered from him about what he should do.</EXAMPLE>
                    </EXAMPLES>
                    <SYNTAX>
                        <NP value="Agent">
                            <SYNRESTRS/>
                        </NP>
                        <VERB/>
                        <PREP value="from">
                            <SELRESTRS/>
                        </PREP>
                        <NP value="Source">
                            <SYNRESTRS/>
                        </NP>
                        <PREP value="about">
                            <SELRESTRS/>
                        </PREP>
                        <NP value="Theme">
                            <SYNRESTRS>
                                <SYNRESTR Value="+" type="what_extract"/>
                            </SYNRESTRS>
                        </NP>
                    </SYNTAX>
                    <SEMANTICS>
                        <PRED value="discover">
                            <ARGS>
                                <ARG type="Event" value="during(E)"/>
                                <ARG type="ThemRole" value="Agent"/>
                                <ARG type="ThemRole" value="Theme"/>
                                <ARG type="ThemRole" value="Source"/>
                            </ARGS>
                        </PRED>
                    </SEMANTICS>
                </FRAME>
                <FRAME>
                    <DESCRIPTION descriptionNumber="8.1" primary="PP-P-WHAT-TO-INF" secondary="from-PP about-PP" xtag="0.1"/>
                    <EXAMPLES>
                        <EXAMPLE>I learned from him about what to do.</EXAMPLE>
                    </EXAMPLES>
                    <SYNTAX>
                        <NP value="Agent">
                            <SYNRESTRS/>
                        </NP>
                        <VERB/>
                        <PREP value="from">
                            <SELRESTRS/>
                        </PREP>
                        <NP value="Source">
                            <SYNRESTRS/>
                        </NP>
                        <PREP value="about">
                            <SELRESTRS/>
                        </PREP>
                        <NP value="Theme">
                            <SYNRESTRS>
                                <SYNRESTR Value="+" type="wh_inf"/>
                            </SYNRESTRS>
                        </NP>
                    </SYNTAX>
                    <SEMANTICS>
                        <PRED value="discover">
                            <ARGS>
                                <ARG type="Event" value="during(E)"/>
                                <ARG type="ThemRole" value="Agent"/>
                                <ARG type="ThemRole" value="Theme"/>
                                <ARG type="ThemRole" value="Source"/>
                            </ARGS>
                        </PRED>
                    </SEMANTICS>
                </FRAME>
                <FRAME>
                    <DESCRIPTION descriptionNumber="8.1" primary="PP-P-WH-TO-INF" secondary="from-PP about-PP" xtag="0.1"/>
                    <EXAMPLES>
                        <EXAMPLE>I discovered from him about whether to go.</EXAMPLE>
                    </EXAMPLES>
                    <SYNTAX>
                        <NP value="Agent">
                            <SYNRESTRS/>
                        </NP>
                        <VERB/>
                        <PREP value="from">
                            <SELRESTRS/>
                        </PREP>
                        <NP value="Source">
                            <SYNRESTRS/>
                        </NP>
                        <PREP value="about">
                            <SELRESTRS/>
                        </PREP>
                        <NP value="Theme">
                            <SYNRESTRS>
                                <SYNRESTR Value="+" type="wheth_inf"/>
                            </SYNRESTRS>
                        </NP>
                    </SYNTAX>
                    <SEMANTICS>
                        <PRED value="discover">
                            <ARGS>
                                <ARG type="Event" value="during(E)"/>
                                <ARG type="ThemRole" value="Agent"/>
                                <ARG type="ThemRole" value="Theme"/>
                                <ARG type="ThemRole" value="Source"/>
                            </ARGS>
                        </PRED>
                    </SEMANTICS>
                </FRAME>
                <FRAME>
                    <DESCRIPTION descriptionNumber="8.1" primary="S" secondary="" xtag="0.1"/>
                    <EXAMPLES>
                        <EXAMPLE>I discovered that it didn't make sense.</EXAMPLE>
                    </EXAMPLES>
                    <SYNTAX>
                        <NP value="Agent">
                            <SYNRESTRS/>
                        </NP>
                        <VERB/>
                        <NP value="Theme">
                            <SYNRESTRS>
                                <SYNRESTR Value="+" type="that_comp"/>
                            </SYNRESTRS>
                        </NP>
                    </SYNTAX>
                    <SEMANTICS>
                        <PRED value="discover">
                            <ARGS>
                                <ARG type="Event" value="during(E)"/>
                                <ARG type="ThemRole" value="Agent"/>
                                <ARG type="ThemRole" value="Theme"/>
                                <ARG type="ThemRole" value="?Source"/>
                            </ARGS>
                        </PRED>
                    </SEMANTICS>
                </FRAME>
                <FRAME>
                    <DESCRIPTION descriptionNumber="8.1" primary="WHAT-TO-INF" secondary="" xtag="0.1"/>
                    <EXAMPLES>
                        <EXAMPLE>I discovered what to do.</EXAMPLE>
                    </EXAMPLES>
                    <SYNTAX>
                        <NP value="Agent">
                            <SYNRESTRS/>
                        </NP>
                        <VERB/>
                        <NP value="Theme">
                            <SYNRESTRS>
                                <SYNRESTR Value="+" type="what_inf"/>
                            </SYNRESTRS>
                        </NP>
                    </SYNTAX>
                    <SEMANTICS>
                        <PRED value="discover">
                            <ARGS>
                                <ARG type="Event" value="during(E)"/>
                                <ARG type="ThemRole" value="Agent"/>
                                <ARG type="ThemRole" value="Theme"/>
                                <ARG type="ThemRole" value="?Source"/>
                            </ARGS>
                        </PRED>
                    </SEMANTICS>
                </FRAME>
            </FRAMES>
            <SUBCLASSES>
                <VNSUBCLASS ID="discover-84-1-1">
                    <MEMBERS>
                        <MEMBER name="hear" wn=""/>
                        <MEMBER name="learn" wn=""/>
                        <MEMBER name="read" wn=""/>
                        <MEMBER name="study" wn=""/>
                        <MEMBER name="find_out" wn=""/>
                        <MEMBER name="figure_out" wn=""/>
                    </MEMBERS>
                    <THEMROLES/>
                    <FRAMES>
                        <FRAME>
                            <DESCRIPTION descriptionNumber="0.1" primary="Basic Intransitive" secondary="" xtag="0.2"/>
                            <EXAMPLES>
                                <EXAMPLE>I learned.</EXAMPLE>
                            </EXAMPLES>
                            <SYNTAX>
                                <NP value="Agent">
                                    <SYNRESTRS/>
                                </NP>
                                <VERB/>
                            </SYNTAX>
                            <SEMANTICS>
                                <PRED value="discover">
                                    <ARGS>
                                        <ARG type="Event" value="during(E)"/>
                                        <ARG type="ThemRole" value="Agent"/>
                                        <ARG type="ThemRole" value="?Theme"/>
                                        <ARG type="ThemRole" value="?Source"/>
                                    </ARGS>
                                </PRED>
                            </SEMANTICS>
                        </FRAME>
                        <FRAME>
                            <DESCRIPTION descriptionNumber="8.1" primary="P-POSSING" secondary="about-PP" xtag=""/>
                            <EXAMPLES>
                                <EXAMPLE>I learned about his drinking.</EXAMPLE>
                            </EXAMPLES>
                            <SYNTAX>
                                <NP value="Agent">
                                    <SYNRESTRS/>
                                </NP>
                                <VERB/>
                                <PREP value="about">
                                    <SELRESTRS/>
                                </PREP>
                                <NP value="Theme">
                                    <SYNRESTRS>
                                        <SYNRESTR Value="+" type="poss_ing"/>
                                    </SYNRESTRS>
                                </NP>
                            </SYNTAX>
                            <SEMANTICS>
                                <PRED value="discover">
                                    <ARGS>
                                        <ARG type="Event" value="during(E)"/>
                                        <ARG type="ThemRole" value="Agent"/>
                                        <ARG type="ThemRole" value="Theme"/>
                                        <ARG type="ThemRole" value="?Source"/>
                                    </ARGS>
                                </PRED>
                            </SEMANTICS>
                        </FRAME>
                        <FRAME>
                            <DESCRIPTION descriptionNumber="8.1" primary="P-WHAT-S" secondary="about-PP" xtag=""/>
                            <EXAMPLES>
                                <EXAMPLE>I learned about what he drank.</EXAMPLE>
                            </EXAMPLES>
                            <SYNTAX>
                                <NP value="Agent">
                                    <SYNRESTRS/>
                                </NP>
                                <VERB/>
                                <PREP value="about">
                                    <SELRESTRS/>
                                </PREP>
                                <NP value="Theme">
                                    <SYNRESTRS>
                                        <SYNRESTR Value="+" type="what_extract"/>
                                    </SYNRESTRS>
                                </NP>
                            </SYNTAX>
                            <SEMANTICS>
                                <PRED value="discover">
                                    <ARGS>
                                        <ARG type="Event" value="during(E)"/>
                                        <ARG type="ThemRole" value="Agent"/>
                                        <ARG type="ThemRole" value="Theme"/>
                                        <ARG type="ThemRole" value="?Source"/>
                                    </ARGS>
                                </PRED>
                            </SEMANTICS>
                        </FRAME>
                        <FRAME>
                            <DESCRIPTION descriptionNumber="8.1" primary="PP" secondary="about-PP" xtag=""/>
                            <EXAMPLES>
                                <EXAMPLE>I learned about the drinking.</EXAMPLE>
                            </EXAMPLES>
                            <SYNTAX>
                                <NP value="Agent">
                                    <SYNRESTRS/>
                                </NP>
                                <VERB/>
                                <PREP value="about">
                                    <SELRESTRS/>
                                </PREP>
                                <NP value="Theme">
                                    <SYNRESTRS>
                                        <SYNRESTR Value="-" type="sentential"/>
                                    </SYNRESTRS>
                                </NP>
                            </SYNTAX>
                            <SEMANTICS>
                                <PRED value="discover">
                                    <ARGS>
                                        <ARG type="Event" value="during(E)"/>
                                        <ARG type="ThemRole" value="Agent"/>
                                        <ARG type="ThemRole" value="Theme"/>
                                        <ARG type="ThemRole" value="?Source"/>
                                    </ARGS>
                                </PRED>
                            </SEMANTICS>
                        </FRAME>
                        <FRAME>
                            <DESCRIPTION descriptionNumber="8.1" primary="PP-PP" secondary="about-PP from-PP" xtag=""/>
                            <EXAMPLES>
                                <EXAMPLE>I learned about it from a book.</EXAMPLE>
                            </EXAMPLES>
                            <SYNTAX>
                                <NP value="Agent">
                                    <SYNRESTRS/>
                                </NP>
                                <VERB/>
                                <PREP value="about">
                                    <SELRESTRS/>
                                </PREP>
                                <NP value="Theme">
                                    <SYNRESTRS>
                                        <SYNRESTR Value="-" type="sentential"/>
                                    </SYNRESTRS>
                                </NP>
                                <PREP value="from">
                                    <SELRESTRS/>
                                </PREP>
                                <NP value="Source">
                                    <SYNRESTRS/>
                                </NP>
                            </SYNTAX>
                            <SEMANTICS>
                                <PRED value="discover">
                                    <ARGS>
                                        <ARG type="Event" value="during(E)"/>
                                        <ARG type="ThemRole" value="Agent"/>
                                        <ARG type="ThemRole" value="Theme"/>
                                        <ARG type="ThemRole" value="Source"/>
                                    </ARGS>
                                </PRED>
                            </SEMANTICS>
                        </FRAME>
                    </FRAMES>
                    <SUBCLASSES/>
                </VNSUBCLASS>
            </SUBCLASSES>
        </VNSUBCLASS>
    </SUBCLASSES>
</VNCLASS>





