<?xml version="1.0" encoding="UTF-8"?>
<!DOCTYPE VNCLASS SYSTEM "vn_class-3.dtd">
<VNCLASS ID="drive-11.5" xmlns:xsi="http://www.w3.org/2001/XMLSchema-instance" xsi:noNamespaceSchemaLocation="vn_schema-3.xsd">
    <!--When a vehicle is the subject (in the case when the vehicle is not lexicalized by the verb), an alternative to making it the Agent is to treat this as an Instrument Subject Alternation.-->
    <MEMBERS>
        <MEMBER name="drive" wn="drive%2:38:02"/>
        <MEMBER name="row" wn=""/>
        <MEMBER name="wheel" wn="wheel%2:38:04"/>
    </MEMBERS>
    <THEMROLES>
        <!--manner or vehicle predicate added by verb-->
        <THEMROLE type="Agent">
            <SELRESTRS logic="or">
                <SELRESTR Value="+" type="animate"/>
                <SELRESTR Value="+" type="vehicle"/>
            </SELRESTRS>
        </THEMROLE>
        <THEMROLE type="Theme">
            <SELRESTRS>
                <SELRESTR Value="+" type="concrete"/>
            </SELRESTRS>
        </THEMROLE>
        <THEMROLE type="Source">
            <SELRESTRS>
                <SELRESTR Value="+" type="location"/>
            </SELRESTRS>
        </THEMROLE>
        <THEMROLE type="Destination">
            <SELRESTRS logic="or">
                <SELRESTR Value="+" type="animate"/>
                <SELRESTRS>
                    <SELRESTR Value="+" type="location"/>
                    <SELRESTR Value="-" type="region"/>
                </SELRESTRS>
            </SELRESTRS>
        </THEMROLE>
    </THEMROLES>
    <FRAMES>
        <FRAME>
            <DESCRIPTION descriptionNumber="0.2" primary="Basic Transitive" secondary="with accompanied motion" xtag="0.2"/>
            <EXAMPLES>
                <EXAMPLE>Amanda drove the package.</EXAMPLE>
            </EXAMPLES>
            <SYNTAX>
                <NP value="Agent">
                    <SYNRESTRS/>
                </NP>
                <VERB/>
                <NP value="Theme">
                    <SYNRESTRS/>
                </NP>
            </SYNTAX>
            <SEMANTICS>
                <PRED value="motion">
                    <ARGS>
                        <ARG type="Event" value="during(E0)"/>
                        <ARG type="ThemRole" value="Theme"/>
                    </ARGS>
                </PRED>
                <PRED value="equals">
                    <ARGS>
                        <ARG type="Event" value="E0"/>
                        <ARG type="Event" value="E1"/>
                    </ARGS>
                </PRED>
                <PRED value="motion">
                    <ARGS>
                        <ARG type="Event" value="during(E1)"/>
                        <ARG type="ThemRole" value="Agent"/>
                    </ARGS>
                </PRED>
                <PRED value="cause">
                    <ARGS>
                        <ARG type="ThemRole" value="Agent"/>
                        <ARG type="Event" value="E0"/>
                    </ARGS>
                </PRED>
            </SEMANTICS>
        </FRAME>
        <FRAME>
            <DESCRIPTION descriptionNumber="0.2" primary="NP-PP" secondary="Goal-PP" xtag=""/>
            <EXAMPLES>
                <EXAMPLE>Amanda drove the package to New York.</EXAMPLE>
            </EXAMPLES>
            <SYNTAX>
                <NP value="Agent">
                    <SYNRESTRS/>
                </NP>
                <VERB/>
                <NP value="Theme">
                    <SYNRESTRS/>
                </NP>
                <PREP value="to towards">
                    <SELRESTRS/>
                </PREP>
                <NP value="Destination">
                    <SYNRESTRS/>
                </NP>
            </SYNTAX>
            <SEMANTICS>
                <PRED value="motion">
                    <ARGS>
                        <ARG type="Event" value="during(E0)"/>
                        <ARG type="ThemRole" value="Theme"/>
                    </ARGS>
                </PRED>
                <PRED value="location">
                    <ARGS>
                        <ARG type="Event" value="end(E0)"/>
                        <ARG type="ThemRole" value="Theme"/>
                        <ARG type="ThemRole" value="Destination"/>
                    </ARGS>
                </PRED>
                <PRED value="equals">
                    <ARGS>
                        <ARG type="Event" value="E0"/>
                        <ARG type="Event" value="E1"/>
                    </ARGS>
                </PRED>
                <PRED value="motion">
                    <ARGS>
                        <ARG type="Event" value="during(E1)"/>
                        <ARG type="ThemRole" value="Agent"/>
                    </ARGS>
                </PRED>
                <PRED value="location">
                    <ARGS>
                        <ARG type="Event" value="end(E1)"/>
                        <ARG type="ThemRole" value="Agent"/>
                        <ARG type="ThemRole" value="Destination"/>
                    </ARGS>
                </PRED>
                <PRED value="cause">
                    <ARGS>
                        <ARG type="ThemRole" value="Agent"/>
                        <ARG type="Event" value="E0"/>
                    </ARGS>
                </PRED>
            </SEMANTICS>
        </FRAME>
        <FRAME>
            <DESCRIPTION descriptionNumber="0.2" primary="NP-PP" secondary="Source-PP" xtag=""/>
            <EXAMPLES>
                <EXAMPLE>Amanda drove the package from home.</EXAMPLE>
            </EXAMPLES>
            <SYNTAX>
                <NP value="Agent">
                    <SYNRESTRS/>
                </NP>
                <VERB/>
                <NP value="Theme">
                    <SYNRESTRS/>
                </NP>
                <PREP>
                    <SELRESTRS>
                        <SELRESTR Value="+" type="src"/>
                    </SELRESTRS>
                </PREP>
                <NP value="Source">
                    <SYNRESTRS/>
                </NP>
            </SYNTAX>
            <SEMANTICS>
                <PRED value="motion">
                    <ARGS>
                        <ARG type="Event" value="during(E0)"/>
                        <ARG type="ThemRole" value="Theme"/>
                    </ARGS>
                </PRED>
                <PRED value="location">
                    <ARGS>
                        <ARG type="Event" value="start(E0)"/>
                        <ARG type="ThemRole" value="Theme"/>
                        <ARG type="ThemRole" value="Source"/>
                    </ARGS>
                </PRED>
                <PRED value="equals">
                    <ARGS>
                        <ARG type="Event" value="E0"/>
                        <ARG type="Event" value="E1"/>
                    </ARGS>
                </PRED>
                <PRED value="motion">
                    <ARGS>
                        <ARG type="Event" value="during(E1)"/>
                        <ARG type="ThemRole" value="Agent"/>
                    </ARGS>
                </PRED>
                <PRED value="location">
                    <ARGS>
                        <ARG type="Event" value="start(E1)"/>
                        <ARG type="ThemRole" value="Agent"/>
                        <ARG type="ThemRole" value="Source"/>
                    </ARGS>
                </PRED>
                <PRED value="cause">
                    <ARGS>
                        <ARG type="ThemRole" value="Agent"/>
                        <ARG type="Event" value="E0"/>
                    </ARGS>
                </PRED>
            </SEMANTICS>
        </FRAME>
        <FRAME>
            <DESCRIPTION descriptionNumber="0.2" primary="NP-PP-PP" secondary="Source-PP Goal-PP" xtag=""/>
            <EXAMPLES>
                <EXAMPLE>Amanda drove the package from home to New York.</EXAMPLE>
            </EXAMPLES>
            <SYNTAX>
                <NP value="Agent">
                    <SYNRESTRS/>
                </NP>
                <VERB/>
                <NP value="Theme">
                    <SYNRESTRS/>
                </NP>
                <PREP>
                    <SELRESTRS>
                        <SELRESTR Value="+" type="src"/>
                    </SELRESTRS>
                </PREP>
                <NP value="Source">
                    <SYNRESTRS/>
                </NP>
                <PREP value="to towards">
                    <SELRESTRS/>
                </PREP>
                <NP value="Destination">
                    <SYNRESTRS/>
                </NP>
            </SYNTAX>
            <SEMANTICS>
                <PRED value="motion">
                    <ARGS>
                        <ARG type="Event" value="during(E0)"/>
                        <ARG type="ThemRole" value="Theme"/>
                    </ARGS>
                </PRED>
                <PRED value="location">
                    <ARGS>
                        <ARG type="Event" value="start(E0)"/>
                        <ARG type="ThemRole" value="Theme"/>
                        <ARG type="ThemRole" value="Source"/>
                    </ARGS>
                </PRED>
                <PRED value="location">
                    <ARGS>
                        <ARG type="Event" value="end(E0)"/>
                        <ARG type="ThemRole" value="Theme"/>
                        <ARG type="ThemRole" value="Destination"/>
                    </ARGS>
                </PRED>
                <PRED value="equals">
                    <ARGS>
                        <ARG type="Event" value="E0"/>
                        <ARG type="Event" value="E1"/>
                    </ARGS>
                </PRED>
                <PRED value="motion">
                    <ARGS>
                        <ARG type="Event" value="during(E1)"/>
                        <ARG type="ThemRole" value="Agent"/>
                    </ARGS>
                </PRED>
                <PRED value="location">
                    <ARGS>
                        <ARG type="Event" value="start(E1)"/>
                        <ARG type="ThemRole" value="Agent"/>
                        <ARG type="ThemRole" value="Source"/>
                    </ARGS>
                </PRED>
                <PRED value="location">
                    <ARGS>
                        <ARG type="Event" value="end(E1)"/>
                        <ARG type="ThemRole" value="Agent"/>
                        <ARG type="ThemRole" value="Destination"/>
                    </ARGS>
                </PRED>
                <PRED value="cause">
                    <ARGS>
                        <ARG type="ThemRole" value="Agent"/>
                        <ARG type="Event" value="E0"/>
                    </ARGS>
                </PRED>
            </SEMANTICS>
        </FRAME>
        <FRAME>
            <DESCRIPTION descriptionNumber="0.2" primary="NP-PP-PP" secondary="Goal-PP Source-PP" xtag=""/>
            <EXAMPLES>
                <EXAMPLE>Amanda drove the package to New York from home.</EXAMPLE>
            </EXAMPLES>
            <SYNTAX>
                <NP value="Agent">
                    <SYNRESTRS/>
                </NP>
                <VERB/>
                <NP value="Theme">
                    <SYNRESTRS/>
                </NP>
                <PREP value="to">
                    <SELRESTRS/>
                </PREP>
                <NP value="Destination">
                    <SYNRESTRS/>
                </NP>
                <PREP>
                    <SELRESTRS>
                        <SELRESTR Value="+" type="src"/>
                    </SELRESTRS>
                </PREP>
                <NP value="Source">
                    <SYNRESTRS/>
                </NP>
            </SYNTAX>
            <SEMANTICS>
                <PRED value="motion">
                    <ARGS>
                        <ARG type="Event" value="during(E0)"/>
                        <ARG type="ThemRole" value="Theme"/>
                    </ARGS>
                </PRED>
                <PRED value="location">
                    <ARGS>
                        <ARG type="Event" value="start(E0)"/>
                        <ARG type="ThemRole" value="Theme"/>
                        <ARG type="ThemRole" value="Source"/>
                    </ARGS>
                </PRED>
                <PRED value="location">
                    <ARGS>
                        <ARG type="Event" value="end(E0)"/>
                        <ARG type="ThemRole" value="Theme"/>
                        <ARG type="ThemRole" value="Destination"/>
                    </ARGS>
                </PRED>
                <PRED value="equals">
                    <ARGS>
                        <ARG type="Event" value="E0"/>
                        <ARG type="Event" value="E1"/>
                    </ARGS>
                </PRED>
                <PRED value="motion">
                    <ARGS>
                        <ARG type="Event" value="during(E1)"/>
                        <ARG type="ThemRole" value="Agent"/>
                    </ARGS>
                </PRED>
                <PRED value="location">
                    <ARGS>
                        <ARG type="Event" value="start(E1)"/>
                        <ARG type="ThemRole" value="Agent"/>
                        <ARG type="ThemRole" value="Source"/>
                    </ARGS>
                </PRED>
                <PRED value="location">
                    <ARGS>
                        <ARG type="Event" value="end(E1)"/>
                        <ARG type="ThemRole" value="Agent"/>
                        <ARG type="ThemRole" value="Destination"/>
                    </ARGS>
                </PRED>
                <PRED value="cause">
                    <ARGS>
                        <ARG type="ThemRole" value="Agent"/>
                        <ARG type="Event" value="E0"/>
                    </ARGS>
                </PRED>
            </SEMANTICS>
        </FRAME>
    </FRAMES>
    <SUBCLASSES>
        <VNSUBCLASS ID="drive-11.5-1">
            <MEMBERS>
                <MEMBER name="barge" wn="barge%2:38:01"/>
                <MEMBER name="bus" wn="bus%2:38:01"/>
                <MEMBER name="cart" wn="cart%2:35:01"/>
                <MEMBER name="ferry" wn="ferry%2:38:02 ferry%2:38:01"/>
                <MEMBER name="fly" wn="fly%2:35:00"/>
                <MEMBER name="shuttle" wn=""/>
                <MEMBER name="truck" wn="truck%2:38:00"/>
            </MEMBERS>
            <THEMROLES/>
            <FRAMES>
                <FRAME>
                    <DESCRIPTION descriptionNumber="2.1" primary="Dative" secondary="always without accompanied motion" xtag=""/>
                    <EXAMPLES>
                        <EXAMPLE>Amanda flew me the package.</EXAMPLE>
                    </EXAMPLES>
                    <SYNTAX>
                        <NP value="Agent">
                            <SYNRESTRS/>
                        </NP>
                        <VERB/>
                        <NP value="Destination">
                            <SYNRESTRS/>
                        </NP>
                        <NP value="Theme">
                            <SYNRESTRS/>
                        </NP>
                    </SYNTAX>
                    <SEMANTICS>
                        <PRED value="motion">
                            <ARGS>
                                <ARG type="Event" value="during(E)"/>
                                <ARG type="ThemRole" value="Theme"/>
                            </ARGS>
                        </PRED>
                        <PRED value="direction">
                            <ARGS>
                                <ARG type="Event" value="during(E)"/>
                                <ARG type="Constant" value="toward"/>
                                <ARG type="ThemRole" value="Theme"/>
                                <ARG type="ThemRole" value="Destination"/>
                            </ARGS>
                        </PRED>
                        <PRED value="location">
                            <ARGS>
                                <ARG type="Event" value="end(E)"/>
                                <ARG type="ThemRole" value="Theme"/>
                                <ARG type="ThemRole" value="Destination"/>
                            </ARGS>
                        </PRED>
                        <PRED value="cause">
                            <ARGS>
                                <ARG type="ThemRole" value="Agent"/>
                                <ARG type="Event" value="E"/>
                            </ARGS>
                        </PRED>
                    </SEMANTICS>
                </FRAME>
                <FRAME>
                    <DESCRIPTION descriptionNumber="0.2" primary="Basic Transitive" secondary="without accompanied motion" xtag="0.2"/>
                    <EXAMPLES>
                        <EXAMPLE>Amanda shuttled her children.</EXAMPLE>
                    </EXAMPLES>
                    <SYNTAX>
                        <NP value="Agent">
                            <SYNRESTRS/>
                        </NP>
                        <VERB/>
                        <NP value="Theme">
                            <SYNRESTRS/>
                        </NP>
                    </SYNTAX>
                    <SEMANTICS>
                        <PRED value="motion">
                            <ARGS>
                                <ARG type="Event" value="during(E)"/>
                                <ARG type="ThemRole" value="Theme"/>
                            </ARGS>
                        </PRED>
                        <PRED value="cause">
                            <ARGS>
                                <ARG type="ThemRole" value="Agent"/>
                                <ARG type="Event" value="E"/>
                            </ARGS>
                        </PRED>
                    </SEMANTICS>
                </FRAME>
                <FRAME>
                    <DESCRIPTION descriptionNumber="0.2" primary="NP-PP" secondary="Source-PP" xtag=""/>
                    <EXAMPLES>
                        <EXAMPLE>Amanda shuttled her children from Philadelphia.</EXAMPLE>
                    </EXAMPLES>
                    <SYNTAX>
                        <NP value="Agent">
                            <SYNRESTRS/>
                        </NP>
                        <VERB/>
                        <NP value="Theme">
                            <SYNRESTRS/>
                        </NP>
                        <PREP>
                            <SELRESTRS>
                                <SELRESTR Value="+" type="src"/>
                            </SELRESTRS>
                        </PREP>
                        <NP value="Source">
                            <SYNRESTRS/>
                        </NP>
                    </SYNTAX>
                    <SEMANTICS>
                        <PRED value="motion">
                            <ARGS>
                                <ARG type="Event" value="during(E)"/>
                                <ARG type="ThemRole" value="Theme"/>
                            </ARGS>
                        </PRED>
                        <PRED value="location">
                            <ARGS>
                                <ARG type="Event" value="start(E)"/>
                                <ARG type="ThemRole" value="Theme"/>
                                <ARG type="ThemRole" value="Source"/>
                            </ARGS>
                        </PRED>
                        <PRED value="cause">
                            <ARGS>
                                <ARG type="ThemRole" value="Agent"/>
                                <ARG type="Event" value="E"/>
                            </ARGS>
                        </PRED>
                    </SEMANTICS>
                </FRAME>
                <FRAME>
                    <DESCRIPTION descriptionNumber="0.2" primary="NP-PP" secondary="Goal-PP" xtag=""/>
                    <EXAMPLES>
                        <EXAMPLE>Amanda shuttled the children to school.</EXAMPLE>
                    </EXAMPLES>
                    <SYNTAX>
                        <NP value="Agent">
                            <SYNRESTRS/>
                        </NP>
                        <VERB/>
                        <NP value="Theme">
                            <SYNRESTRS/>
                        </NP>
                        <PREP value="to">
                            <SELRESTRS/>
                        </PREP>
                        <NP value="Destination">
                            <SYNRESTRS/>
                        </NP>
                    </SYNTAX>
                    <SEMANTICS>
                        <PRED value="motion">
                            <ARGS>
                                <ARG type="Event" value="during(E)"/>
                                <ARG type="ThemRole" value="Theme"/>
                            </ARGS>
                        </PRED>
                        <PRED value="location">
                            <ARGS>
                                <ARG type="Event" value="end(E)"/>
                                <ARG type="ThemRole" value="Theme"/>
                                <ARG type="ThemRole" value="Destination"/>
                            </ARGS>
                        </PRED>
                        <PRED value="cause">
                            <ARGS>
                                <ARG type="ThemRole" value="Agent"/>
                                <ARG type="Event" value="E"/>
                            </ARGS>
                        </PRED>
                    </SEMANTICS>
                </FRAME>
                <FRAME>
                    <DESCRIPTION descriptionNumber="0.2" primary="NP-PP-PP" secondary="Source-PP Goal-PP" xtag=""/>
                    <EXAMPLES>
                        <EXAMPLE>Amanda trucked the package from Philadelphia to her mother's house.</EXAMPLE>
                    </EXAMPLES>
                    <SYNTAX>
                        <NP value="Agent">
                            <SYNRESTRS/>
                        </NP>
                        <VERB/>
                        <NP value="Theme">
                            <SYNRESTRS/>
                        </NP>
                        <PREP>
                            <SELRESTRS>
                                <SELRESTR Value="+" type="src"/>
                            </SELRESTRS>
                        </PREP>
                        <NP value="Source">
                            <SYNRESTRS/>
                        </NP>
                        <PREP value="to">
                            <SELRESTRS/>
                        </PREP>
                        <NP value="Destination">
                            <SYNRESTRS/>
                        </NP>
                    </SYNTAX>
                    <SEMANTICS>
                        <PRED value="motion">
                            <ARGS>
                                <ARG type="Event" value="during(E)"/>
                                <ARG type="ThemRole" value="Theme"/>
                            </ARGS>
                        </PRED>
                        <PRED value="location">
                            <ARGS>
                                <ARG type="Event" value="start(E)"/>
                                <ARG type="ThemRole" value="Theme"/>
                                <ARG type="ThemRole" value="Source"/>
                            </ARGS>
                        </PRED>
                        <PRED value="location">
                            <ARGS>
                                <ARG type="Event" value="end(E)"/>
                                <ARG type="ThemRole" value="Theme"/>
                                <ARG type="ThemRole" value="Destination"/>
                            </ARGS>
                        </PRED>
                        <PRED value="cause">
                            <ARGS>
                                <ARG type="ThemRole" value="Agent"/>
                                <ARG type="Event" value="E"/>
                            </ARGS>
                        </PRED>
                    </SEMANTICS>
                </FRAME>
                <FRAME>
                    <DESCRIPTION descriptionNumber="0.2" primary="NP-PP-PP" secondary="Goal-PP Source-PP" xtag=""/>
                    <EXAMPLES>
                        <EXAMPLE>Amanda trucked the package to her mother's house from Philadelphia.</EXAMPLE>
                    </EXAMPLES>
                    <SYNTAX>
                        <NP value="Agent">
                            <SYNRESTRS/>
                        </NP>
                        <VERB/>
                        <NP value="Theme">
                            <SYNRESTRS/>
                        </NP>
                        <PREP value="to">
                            <SELRESTRS/>
                        </PREP>
                        <NP value="Destination">
                            <SYNRESTRS/>
                        </NP>
                        <PREP>
                            <SELRESTRS>
                                <SELRESTR Value="+" type="src"/>
                            </SELRESTRS>
                        </PREP>
                        <NP value="Source">
                            <SYNRESTRS/>
                        </NP>
                    </SYNTAX>
                    <SEMANTICS>
                        <PRED value="motion">
                            <ARGS>
                                <ARG type="Event" value="during(E)"/>
                                <ARG type="ThemRole" value="Theme"/>
                            </ARGS>
                        </PRED>
                        <PRED value="location">
                            <ARGS>
                                <ARG type="Event" value="start(E)"/>
                                <ARG type="ThemRole" value="Theme"/>
                                <ARG type="ThemRole" value="Source"/>
                            </ARGS>
                        </PRED>
                        <PRED value="location">
                            <ARGS>
                                <ARG type="Event" value="end(E)"/>
                                <ARG type="ThemRole" value="Theme"/>
                                <ARG type="ThemRole" value="Destination"/>
                            </ARGS>
                        </PRED>
                        <PRED value="cause">
                            <ARGS>
                                <ARG type="ThemRole" value="Agent"/>
                                <ARG type="Event" value="E"/>
                            </ARGS>
                        </PRED>
                    </SEMANTICS>
                </FRAME>
            </FRAMES>
            <SUBCLASSES/>
        </VNSUBCLASS>
    </SUBCLASSES>
</VNCLASS>
