<?xml version="1.0" encoding="UTF-8"?>
<!DOCTYPE VNCLASS SYSTEM "vn_class-3.dtd">
<VNCLASS ID="eat-39.1" xmlns:xsi="http://www.w3.org/2001/XMLSchema-instance" xsi:noNamespaceSchemaLocation="vn_schema-3.xsd">
    <MEMBERS/>
    <THEMROLES>
        <THEMROLE type="Agent">
            <SELRESTRS>
                <SELRESTR Value="+" type="animate"/>
            </SELRESTRS>
        </THEMROLE>
        <THEMROLE type="Source">
            <SELRESTRS/>
        </THEMROLE>
    </THEMROLES>
    <FRAMES/>
    <SUBCLASSES>
        <VNSUBCLASS ID="eat-39.1-1">
            <MEMBERS>
                <MEMBER name="eat" wn="eat%2:34:00 eat%2:34:01 eat%2:34:02"/>
            </MEMBERS>
            <THEMROLES>
                <THEMROLE type="Patient">
                    <SELRESTRS>
                        <SELRESTR Value="+" type="comestible"/>
                        <SELRESTR Value="+" type="solid"/>
                    </SELRESTRS>
                </THEMROLE>
            </THEMROLES>
            <FRAMES>
                <FRAME>
                    <DESCRIPTION descriptionNumber="" primary="Basic Transitive" secondary="" xtag=""/>
                    <EXAMPLES>
                        <EXAMPLE>Cynthia ate the peach.</EXAMPLE>
                    </EXAMPLES>
                    <SYNTAX>
                        <NP value="Agent">
                            <SYNRESTRS/>
                        </NP>
                        <VERB/>
                        <NP value="Patient">
                            <SYNRESTRS/>
                        </NP>
                    </SYNTAX>
                    <SEMANTICS>
                        <PRED value="take_in">
                            <ARGS>
                                <ARG type="Event" value="during(E)"/>
                                <ARG type="ThemRole" value="Agent"/>
                                <ARG type="ThemRole" value="Patient"/>
                            </ARGS>
                        </PRED>
                    </SEMANTICS>
                </FRAME>
                <FRAME>
                    <DESCRIPTION descriptionNumber="" primary="Unspecified Object" secondary="" xtag=""/>
                    <EXAMPLES>
                        <EXAMPLE>Cynthia ate.</EXAMPLE>
                    </EXAMPLES>
                    <SYNTAX>
                        <NP value="Agent">
                            <SYNRESTRS/>
                        </NP>
                        <VERB/>
                    </SYNTAX>
                    <SEMANTICS>
                        <PRED value="take_in">
                            <ARGS>
                                <ARG type="Event" value="during(E)"/>
                                <ARG type="ThemRole" value="Agent"/>
                                <ARG type="ThemRole" value="?Patient"/>
                            </ARGS>
                        </PRED>
                    </SEMANTICS>
                </FRAME>
                <FRAME>
                    <DESCRIPTION descriptionNumber="" primary="Conative" secondary="" xtag=""/>
                    <EXAMPLES>
                        <EXAMPLE>Cynthia ate at the peach.</EXAMPLE>
                    </EXAMPLES>
                    <SYNTAX>
                        <NP value="Agent">
                            <SYNRESTRS/>
                        </NP>
                        <VERB/>
                        <PREP value="at">
                            <SELRESTRS/>
                        </PREP>
                        <NP value="Patient">
                            <SYNRESTRS/>
                        </NP>
                    </SYNTAX>
                    <SEMANTICS>
                        <PRED value="take_in">
                            <ARGS>
                                <ARG type="Event" value="during(E)"/>
                                <ARG type="ThemRole" value="Agent"/>
                                <ARG type="ThemRole" value="Patient"/>
                            </ARGS>
                        </PRED>
                    </SEMANTICS>
                </FRAME>
                <FRAME>
                    <DESCRIPTION descriptionNumber="" primary="NP-ADJP" secondary="Resultative" xtag=""/>
                    <EXAMPLES>
                        <EXAMPLE>Cynthia ate herself sick.</EXAMPLE>
                    </EXAMPLES>
                    <SYNTAX>
                        <NP value="Agent">
                            <SYNRESTRS/>
                        </NP>
                        <VERB/>
                        <NP value="Oblique">
                            <SELRESTRS>
                                <SELRESTR Value="+" type="refl"/>
                            </SELRESTRS>
                        </NP>
                        <ADJ/>
                    </SYNTAX>
                    <SEMANTICS>
                        <PRED value="take_in">
                            <ARGS>
                                <ARG type="Event" value="during(E)"/>
                                <ARG type="ThemRole" value="Agent"/>
                                <ARG type="ThemRole" value="?Patient"/>
                            </ARGS>
                        </PRED>
                        <PRED value="Pred">
                            <ARGS>
                                <ARG type="Event" value="result(E)"/>
                                <ARG type="ThemRole" value="Oblique"/>
                            </ARGS>
                        </PRED>
                    </SEMANTICS>
                </FRAME>
                <FRAME>
                    <DESCRIPTION descriptionNumber="" primary="PP" secondary="Source-PP" xtag=""/>
                    <EXAMPLES>
                        <EXAMPLE>He ate off of the table.</EXAMPLE>
                    </EXAMPLES>
                    <SYNTAX>
                        <NP value="Agent">
                            <SYNRESTRS/>
                        </NP>
                        <VERB/>
                        <PREP>
                            <SELRESTRS>
                                <SELRESTR Value="+" type="src"/>
                            </SELRESTRS>
                        </PREP>
                        <NP value="Source">
                            <SYNRESTRS/>
                        </NP>
                    </SYNTAX>
                    <SEMANTICS>
                        <PRED value="take_in">
                            <ARGS>
                                <ARG type="Event" value="during(E)"/>
                                <ARG type="ThemRole" value="Agent"/>
                                <ARG type="ThemRole" value="?Patient"/>
                            </ARGS>
                        </PRED>
                        <PRED value="Prep">
                            <ARGS>
                                <ARG type="Event" value="during(E)"/>
                                <ARG type="ThemRole" value="?Patient"/>
                                <ARG type="ThemRole" value="Source"/>
                            </ARGS>
                        </PRED>
                    </SEMANTICS>
                </FRAME>
            </FRAMES>
            <SUBCLASSES/>
        </VNSUBCLASS>
        <VNSUBCLASS ID="eat-39.1-2">
            <MEMBERS>
                <MEMBER name="drink" wn="drink%2:34:00 drink%2:34:01 drink%2:34:12"/>
            </MEMBERS>
            <THEMROLES>
                <THEMROLE type="Patient">
                    <SELRESTRS>
                        <SELRESTR Value="+" type="comestible"/>
                        <SELRESTR Value="-" type="solid"/>
                    </SELRESTRS>
                </THEMROLE>
            </THEMROLES>
            <FRAMES>
                <FRAME>
                    <DESCRIPTION descriptionNumber="" primary="Basic Transitive" secondary="" xtag=""/>
                    <EXAMPLES>
                        <EXAMPLE>Cynthia drank the wine.</EXAMPLE>
                    </EXAMPLES>
                    <SYNTAX>
                        <NP value="Agent">
                            <SYNRESTRS/>
                        </NP>
                        <VERB/>
                        <NP value="Patient">
                            <SYNRESTRS/>
                        </NP>
                    </SYNTAX>
                    <SEMANTICS>
                        <PRED value="take_in">
                            <ARGS>
                                <ARG type="Event" value="during(E)"/>
                                <ARG type="ThemRole" value="Agent"/>
                                <ARG type="ThemRole" value="Patient"/>
                            </ARGS>
                        </PRED>
                    </SEMANTICS>
                </FRAME>
                <FRAME>
                    <DESCRIPTION descriptionNumber="" primary="Unspecified Object" secondary="" xtag=""/>
                    <EXAMPLES>
                        <EXAMPLE>Cynthia drank.</EXAMPLE>
                    </EXAMPLES>
                    <SYNTAX>
                        <NP value="Agent">
                            <SYNRESTRS/>
                        </NP>
                        <VERB/>
                    </SYNTAX>
                    <SEMANTICS>
                        <PRED value="take_in">
                            <ARGS>
                                <ARG type="Event" value="during(E)"/>
                                <ARG type="ThemRole" value="Agent"/>
                                <ARG type="ThemRole" value="?Patient"/>
                            </ARGS>
                        </PRED>
                    </SEMANTICS>
                </FRAME>
                <FRAME>
                    <DESCRIPTION descriptionNumber="" primary="NP-ADJP" secondary="Resultative" xtag=""/>
                    <EXAMPLES>
                        <EXAMPLE>Cythia drank herself sick.</EXAMPLE>
                    </EXAMPLES>
                    <SYNTAX>
                        <NP value="Agent">
                            <SYNRESTRS/>
                        </NP>
                        <VERB/>
                        <NP value="Oblique">
                            <SELRESTRS>
                                <SELRESTR Value="+" type="refl"/>
                            </SELRESTRS>
                        </NP>
                        <ADJ/>
                    </SYNTAX>
                    <SEMANTICS>
                        <PRED value="take_in">
                            <ARGS>
                                <ARG type="Event" value="during(E)"/>
                                <ARG type="ThemRole" value="Agent"/>
                                <ARG type="ThemRole" value="?Patient"/>
                            </ARGS>
                        </PRED>
                        <PRED value="Pred">
                            <ARGS>
                                <ARG type="Event" value="result(E)"/>
                                <ARG type="ThemRole" value="Oblique"/>
                            </ARGS>
                        </PRED>
                    </SEMANTICS>
                </FRAME>
                <FRAME>
                    <DESCRIPTION descriptionNumber="" primary="PP" secondary="Source-PP" xtag=""/>
                    <EXAMPLES>
                        <EXAMPLE>He drank out of the goblet.</EXAMPLE>
                    </EXAMPLES>
                    <SYNTAX>
                        <NP value="Agent">
                            <SYNRESTRS/>
                        </NP>
                        <VERB/>
                        <PREP>
                            <SELRESTRS>
                                <SELRESTR Value="+" type="src"/>
                            </SELRESTRS>
                        </PREP>
                        <NP value="Source">
                            <SYNRESTRS/>
                        </NP>
                    </SYNTAX>
                    <SEMANTICS>
                        <PRED value="take_in">
                            <ARGS>
                                <ARG type="Event" value="during(E)"/>
                                <ARG type="ThemRole" value="Agent"/>
                                <ARG type="ThemRole" value="?Patient"/>
                            </ARGS>
                        </PRED>
                        <PRED value="Prep">
                            <ARGS>
                                <ARG type="Event" value="during(E)"/>
                                <ARG type="ThemRole" value="?Patient"/>
                                <ARG type="ThemRole" value="Source"/>
                            </ARGS>
                        </PRED>
                    </SEMANTICS>
                </FRAME>
            </FRAMES>
            <SUBCLASSES/>
        </VNSUBCLASS>
    </SUBCLASSES>
</VNCLASS>


