<?xml version="1.0" encoding="UTF-8"?>
<!DOCTYPE VNCLASS SYSTEM "vn_class-3.dtd">
<VNCLASS ID="engender-27" xmlns:xsi="http://www.w3.org/2001/XMLSchema-instance" xsi:noNamespaceSchemaLocation="vn_schema-3.xsd">
    <MEMBERS>
        <!--"shape" should be in a separate (sub)class with a different semantics-->
        <MEMBER name="beget" wn=""/>
        <MEMBER name="bring_about" wn=""/>
        <MEMBER name="cause" wn="cause%2:36:00"/>
        <MEMBER name="create" wn="create%2:36:00 create%2:36:02"/>
        <MEMBER name="engender" wn="engender%2:36:00"/>
        <MEMBER name="generate" wn="generate%2:36:00"/>
        <MEMBER name="shape" wn="shape%2:31:00"/>
        <MEMBER name="sire" wn=""/>
        <MEMBER name="spawn" wn="spawn%2:36:00"/>
    </MEMBERS>
    <THEMROLES>
        <THEMROLE type="Theme1">
            <SELRESTRS>
                <SELRESTR Value="+" type="abstract"/>
            </SELRESTRS>
        </THEMROLE>
        <THEMROLE type="Theme2">
            <SELRESTRS>
                <SELRESTR Value="+" type="abstract"/>
            </SELRESTRS>
        </THEMROLE>
        <THEMROLE type="Predicate">
            <SELRESTRS/>
        </THEMROLE>
    </THEMROLES>
    <FRAMES>
        <FRAME>
            <DESCRIPTION descriptionNumber="0.2" primary="Basic Transitive" secondary="" xtag="0.2"/>
            <EXAMPLES>
                <EXAMPLE>Racial inequality engenders conflict.</EXAMPLE>
            </EXAMPLES>
            <SYNTAX>
                <NP value="Theme1">
                    <SYNRESTRS/>
                </NP>
                <VERB/>
                <NP value="Theme2">
                    <SYNRESTRS/>
                </NP>
            </SYNTAX>
            <SEMANTICS>
                <PRED bool="!" value="exist">
                    <ARGS>
                        <ARG type="Event" value="start(E)"/>
                        <ARG type="ThemRole" value="Theme2"/>
                    </ARGS>
                </PRED>
                <PRED value="exist">
                    <ARGS>
                        <ARG type="Event" value="result(E)"/>
                        <ARG type="ThemRole" value="Theme2"/>
                    </ARGS>
                </PRED>
                <PRED value="nonagentive_cause">
                    <ARGS>
                        <ARG type="ThemRole" value="Theme1"/>
                        <ARG type="Event" value="E"/>
                    </ARGS>
                </PRED>
            </SEMANTICS>
        </FRAME>
        <FRAME>
            <DESCRIPTION descriptionNumber="" primary="S" secondary="" xtag=""/>
            <EXAMPLES>
                <EXAMPLE>The bug causes the chip to give wrong answers for some mathematical calculations.</EXAMPLE>
            </EXAMPLES>
            <SYNTAX>
                <NP value="Theme1">
                    <SYNRESTRS/>
                </NP>
                <VERB/>
                <NP value="Theme2">
                    <SYNRESTRS/>
                </NP>
                <NP value="Predicate">
                    <SYNRESTRS>
                        <SYNRESTR Value="+" type="that_comp"/>
                    </SYNRESTRS>
                </NP>
            </SYNTAX>
            <SEMANTICS>
                <PRED bool="!" value="exist">
                    <ARGS>
                        <ARG type="Event" value="start(E)"/>
                        <ARG type="ThemRole" value="Theme2"/>
                    </ARGS>
                </PRED>
                <PRED value="exist">
                    <ARGS>
                        <ARG type="Event" value="result(E)"/>
                        <ARG type="ThemRole" value="Theme2"/>
                    </ARGS>
                </PRED>
                <PRED value="nonagentive_cause">
                    <ARGS>
                        <ARG type="ThemRole" value="Theme1"/>
                        <ARG type="Event" value="E"/>
                    </ARGS>
                </PRED>
            </SEMANTICS>
        </FRAME>
    </FRAMES>
    <SUBCLASSES/>
</VNCLASS>
