<?xml version="1.0" encoding="UTF-8"?>
<!DOCTYPE VNCLASS SYSTEM "vn_class-3.dtd">
<VNCLASS ID="exceed-90" xmlns:xsi="http://www.w3.org/2001/XMLSchema-instance" xsi:noNamespaceSchemaLocation="vn_schema-3.xsd">
    <MEMBERS>
        <MEMBER name="exceed" wn=""/>
        <MEMBER name="excel" wn=""/>
        <MEMBER name="lap" wn=""/>
        <MEMBER name="outbid" wn=""/>
        <MEMBER name="outmatch" wn=""/>
        <MEMBER name="outnumber" wn=""/>
        <MEMBER name="outrace" wn=""/>
        <MEMBER name="outsmart" wn=""/>
        <MEMBER name="outstrip" wn=""/>
        <MEMBER name="outweigh" wn=""/>
        <MEMBER name="outwit" wn=""/>
        <MEMBER name="overcome" wn=""/>
        <MEMBER name="overreach" wn=""/>
        <MEMBER name="overrun" wn=""/>
        <MEMBER name="overstep" wn=""/>
        <MEMBER name="succeed" wn=""/>
        <MEMBER name="surpass" wn=""/>
        <MEMBER name="top" wn=""/>
        <MEMBER name="transcend" wn=""/>
    </MEMBERS>
    <THEMROLES>
        <THEMROLE type="Theme1">
            <SELRESTRS/>
        </THEMROLE>
        <THEMROLE type="Theme2">
            <SELRESTRS/>
        </THEMROLE>
        <THEMROLE type="Attribute">
            <SELRESTRS/>
        </THEMROLE>
    </THEMROLES>
    <FRAMES>
        <FRAME>
            <DESCRIPTION descriptionNumber="0.2" primary="Basic Transitive" secondary="" xtag="0.2"/>
            <EXAMPLES>
                <EXAMPLE>Her performance exceeds our expectations.</EXAMPLE>
            </EXAMPLES>
            <SYNTAX>
                <NP value="Theme1">
                    <SYNRESTRS/>
                </NP>
                <VERB/>
                <NP value="Theme2">
                    <SYNRESTRS/>
                </NP>
            </SYNTAX>
            <SEMANTICS>
                <PRED value="exceed">
                    <ARGS>
                        <ARG type="Event" value="during(E)"/>
                        <ARG type="ThemRole" value="Theme1"/>
                        <ARG type="ThemRole" value="Theme2"/>
                        <ARG type="ThemRole" value="?Attribute"/>
                    </ARGS>
                </PRED>
            </SEMANTICS>
        </FRAME>
        <FRAME>
            <DESCRIPTION descriptionNumber="0.2" primary="NP-PP" secondary="in-PP" xtag="0.2"/>
            <EXAMPLES>
                <EXAMPLE>Her performance exceeds ours in brilliance.</EXAMPLE>
            </EXAMPLES>
            <SYNTAX>
                <NP value="Theme1">
                    <SYNRESTRS/>
                </NP>
                <VERB/>
                <NP value="Theme2">
                    <SYNRESTRS/>
                </NP>
                <PREP value="in">
                    <SELRESTRS/>
                </PREP>
                <NP value="Attribute">
                    <SYNRESTRS/>
                </NP>
            </SYNTAX>
            <SEMANTICS>
                <PRED value="exceed">
                    <ARGS>
                        <ARG type="Event" value="during(E)"/>
                        <ARG type="ThemRole" value="Theme1"/>
                        <ARG type="ThemRole" value="Theme2"/>
                        <ARG type="ThemRole" value="Attribute"/>
                    </ARGS>
                </PRED>
            </SEMANTICS>
        </FRAME>
    </FRAMES>
    <SUBCLASSES/>
</VNCLASS>



