<?xml version="1.0" encoding="UTF-8"?>
<!DOCTYPE VNCLASS SYSTEM "vn_class-3.dtd">
<VNCLASS ID="grow-26.2" xmlns:xsi="http://www.w3.org/2001/XMLSchema-instance" xsi:noNamespaceSchemaLocation="vn_schema-3.xsd">
    <MEMBERS>
        <MEMBER name="develop" wn="develop%2:30:00 develop%2:30:01 develop%2:36:09 develop%2:30:10"/>
        <MEMBER name="evolve" wn="evolve%2:30:00 evolve%2:30:03"/>
        <MEMBER name="grow" wn="grow%2:30:02 grow%2:30:01 grow%2:30:04 grow%2:36:00 grow%2:30:10"/>
        <MEMBER name="hatch" wn="hatch%2:29:01 hatch%2:29:00"/>
        <MEMBER name="mature" wn="mature%2:30:00 mature%2:30:01"/>
    </MEMBERS>
    <THEMROLES>
        <THEMROLE type="Agent">
            <SELRESTRS>
                <SELRESTR Value="+" type="animate"/>
            </SELRESTRS>
        </THEMROLE>
        <THEMROLE type="Material">
            <SELRESTRS>
                <SELRESTR Value="+" type="concrete"/>
            </SELRESTRS>
        </THEMROLE>
        <THEMROLE type="Product">
            <SELRESTRS>
                <SELRESTR Value="+" type="concrete"/>
            </SELRESTRS>
        </THEMROLE>
    </THEMROLES>
    <FRAMES>
        <FRAME>
            <DESCRIPTION descriptionNumber="2.4.2" primary="Material/Product Alternation Intransitive" secondary="Material Subject" xtag=""/>
            <EXAMPLES>
                <EXAMPLE>That acorn will grow into an oak tree.</EXAMPLE>
            </EXAMPLES>
            <SYNTAX>
                <NP value="Material">
                    <SYNRESTRS/>
                </NP>
                <VERB/>
                <PREP value="into">
                    <SELRESTRS/>
                </PREP>
                <NP value="Product">
                    <SYNRESTRS/>
                </NP>
            </SYNTAX>
            <SEMANTICS>
                <PRED bool="!" value="exist">
                    <ARGS>
                        <ARG type="Event" value="start(E)"/>
                        <ARG type="ThemRole" value="Product"/>
                    </ARGS>
                </PRED>
                <PRED value="exist">
                    <ARGS>
                        <ARG type="Event" value="result(E)"/>
                        <ARG type="ThemRole" value="Product"/>
                    </ARGS>
                </PRED>
                <PRED value="made_of">
                    <ARGS>
                        <ARG type="Event" value="result(E)"/>
                        <ARG type="ThemRole" value="Product"/>
                        <ARG type="ThemRole" value="Material"/>
                    </ARGS>
                </PRED>
            </SEMANTICS>
        </FRAME>
        <FRAME>
            <DESCRIPTION descriptionNumber="2.4.2" primary="Material/Product Alternation Intransitive" secondary="Product Subject" xtag=""/>
            <EXAMPLES>
                <EXAMPLE>An oak tree will grow from that acorn.</EXAMPLE>
            </EXAMPLES>
            <SYNTAX>
                <NP value="Product">
                    <SYNRESTRS/>
                </NP>
                <VERB/>
                <PREP value="from out_of">
                    <SELRESTRS/>
                </PREP>
                <NP value="Material">
                    <SYNRESTRS/>
                </NP>
            </SYNTAX>
            <SEMANTICS>
                <PRED bool="!" value="exist">
                    <ARGS>
                        <ARG type="Event" value="start(E)"/>
                        <ARG type="ThemRole" value="Product"/>
                    </ARGS>
                </PRED>
                <PRED value="exist">
                    <ARGS>
                        <ARG type="Event" value="result(E)"/>
                        <ARG type="ThemRole" value="Product"/>
                    </ARGS>
                </PRED>
                <PRED value="made_of">
                    <ARGS>
                        <ARG type="Event" value="result(E)"/>
                        <ARG type="ThemRole" value="Product"/>
                        <ARG type="ThemRole" value="Material"/>
                    </ARGS>
                </PRED>
            </SEMANTICS>
        </FRAME>
        <FRAME>
            <DESCRIPTION descriptionNumber="1.1.2.1" primary="NP-PP" secondary="Causative variant, Material-PP" xtag=""/>
            <EXAMPLES>
                <EXAMPLE>The gardener grew an oak tree from that acorn.</EXAMPLE>
            </EXAMPLES>
            <SYNTAX>
                <NP value="Agent">
                    <SYNRESTRS/>
                </NP>
                <VERB/>
                <NP value="Product">
                    <SYNRESTRS/>
                </NP>
                <PREP value="from out_of">
                    <SELRESTRS/>
                </PREP>
                <NP value="Material">
                    <SYNRESTRS/>
                </NP>
            </SYNTAX>
            <SEMANTICS>
                <PRED bool="!" value="exist">
                    <ARGS>
                        <ARG type="Event" value="start(E)"/>
                        <ARG type="ThemRole" value="Product"/>
                    </ARGS>
                </PRED>
                <PRED value="exist">
                    <ARGS>
                        <ARG type="Event" value="result(E)"/>
                        <ARG type="ThemRole" value="Product"/>
                    </ARGS>
                </PRED>
                <PRED value="made_of">
                    <ARGS>
                        <ARG type="Event" value="result(E)"/>
                        <ARG type="ThemRole" value="Product"/>
                        <ARG type="ThemRole" value="Material"/>
                    </ARGS>
                </PRED>
                <PRED value="cause">
                    <ARGS>
                        <ARG type="ThemRole" value="Agent"/>
                        <ARG type="Event" value="E"/>
                    </ARGS>
                </PRED>
            </SEMANTICS>
        </FRAME>
        <FRAME>
            <DESCRIPTION descriptionNumber="1.1.2.1" primary="NP-PP" secondary="Causative variant, Product-PP" xtag=""/>
            <EXAMPLES>
                <EXAMPLE>The gardener grew that acorn into an oak tree.</EXAMPLE>
            </EXAMPLES>
            <SYNTAX>
                <NP value="Agent">
                    <SYNRESTRS/>
                </NP>
                <VERB/>
                <NP value="Material">
                    <SYNRESTRS/>
                </NP>
                <PREP value="into">
                    <SELRESTRS/>
                </PREP>
                <NP value="Product">
                    <SYNRESTRS/>
                </NP>
            </SYNTAX>
            <SEMANTICS>
                <PRED bool="!" value="exist">
                    <ARGS>
                        <ARG type="Event" value="start(E)"/>
                        <ARG type="ThemRole" value="Product"/>
                    </ARGS>
                </PRED>
                <PRED value="exist">
                    <ARGS>
                        <ARG type="Event" value="result(E)"/>
                        <ARG type="ThemRole" value="Product"/>
                    </ARGS>
                </PRED>
                <PRED value="made_of">
                    <ARGS>
                        <ARG type="Event" value="result(E)"/>
                        <ARG type="ThemRole" value="Product"/>
                        <ARG type="ThemRole" value="Material"/>
                    </ARGS>
                </PRED>
                <PRED value="cause">
                    <ARGS>
                        <ARG type="ThemRole" value="Agent"/>
                        <ARG type="Event" value="E"/>
                    </ARGS>
                </PRED>
            </SEMANTICS>
        </FRAME>
    </FRAMES>
    <SUBCLASSES/>
</VNCLASS>

