<?xml version="1.0" encoding="UTF-8"?>
<!DOCTYPE VNCLASS SYSTEM "vn_class-3.dtd">
<VNCLASS ID="indicate-78" xmlns:xsi="http://www.w3.org/2001/XMLSchema-instance" xsi:noNamespaceSchemaLocation="vn_schema-3.xsd">
    <MEMBERS>
        <MEMBER name="imply" wn=""/>
        <MEMBER name="predict" wn=""/>
    </MEMBERS>
    <THEMROLES>
        <THEMROLE type="Recipient">
            <SELRESTRS logic="or">
                <SELRESTR Value="+" type="animate"/>
                <SELRESTR Value="+" type="organization"/>
            </SELRESTRS>
        </THEMROLE>
        <THEMROLE type="Cause">
            <SELRESTRS/>
        </THEMROLE>
        <THEMROLE type="Topic">
            <SELRESTRS/>
        </THEMROLE>
    </THEMROLES>
    <FRAMES>
        <FRAME>
            <DESCRIPTION descriptionNumber="8.1" primary="HOW-S" secondary="" xtag="0.2"/>
            <EXAMPLES>
                <EXAMPLE>This indicates how she did it.</EXAMPLE>
            </EXAMPLES>
            <SYNTAX>
                <NP value="Cause">
                    <SYNRESTRS/>
                </NP>
                <VERB/>
                <NP value="Topic">
                    <SYNRESTRS>
                        <SYNRESTR Value="+" type="how_extract"/>
                    </SYNRESTRS>
                </NP>
            </SYNTAX>
            <SEMANTICS>
                <PRED value="indicate">
                    <ARGS>
                        <ARG type="Event" value="during(E)"/>
                        <ARG type="ThemRole" value="Cause"/>
                        <ARG type="ThemRole" value="?Recipient"/>
                        <ARG type="ThemRole" value="Topic"/>
                    </ARGS>
                </PRED>
            </SEMANTICS>
        </FRAME>
        <FRAME>
            <DESCRIPTION descriptionNumber="8.1" primary="HOW-TO-INF" secondary="" xtag="0.2"/>
            <EXAMPLES>
                <EXAMPLE>This indicates how to do it.</EXAMPLE>
            </EXAMPLES>
            <SYNTAX>
                <NP value="Cause">
                    <SYNRESTRS/>
                </NP>
                <VERB/>
                <NP value="Topic">
                    <SYNRESTRS>
                        <SYNRESTR Value="+" type="wh_inf"/>
                    </SYNRESTRS>
                </NP>
            </SYNTAX>
            <SEMANTICS>
                <PRED value="indicate">
                    <ARGS>
                        <ARG type="Event" value="during(E)"/>
                        <ARG type="ThemRole" value="Cause"/>
                        <ARG type="ThemRole" value="?Recipient"/>
                        <ARG type="ThemRole" value="Topic"/>
                    </ARGS>
                </PRED>
            </SEMANTICS>
        </FRAME>
        <FRAME>
            <DESCRIPTION descriptionNumber="0.2" primary="Basic Transitive" secondary="" xtag="0.2"/>
            <EXAMPLES>
                <EXAMPLE>This indicates it.</EXAMPLE>
            </EXAMPLES>
            <SYNTAX>
                <NP value="Cause">
                    <SYNRESTRS/>
                </NP>
                <VERB/>
                <NP value="Topic">
                    <SYNRESTRS>
                        <SYNRESTR Value="-" type="sentential"/>
                    </SYNRESTRS>
                </NP>
            </SYNTAX>
            <SEMANTICS>
                <PRED value="indicate">
                    <ARGS>
                        <ARG type="Event" value="during(E)"/>
                        <ARG type="ThemRole" value="Cause"/>
                        <ARG type="ThemRole" value="?Recipient"/>
                        <ARG type="ThemRole" value="Topic"/>
                    </ARGS>
                </PRED>
            </SEMANTICS>
        </FRAME>
        <FRAME>
            <DESCRIPTION descriptionNumber="8.1" primary="WH-S" secondary="" xtag="0.2"/>
            <EXAMPLES>
                <EXAMPLE>This indicates whether he is the thief.</EXAMPLE>
            </EXAMPLES>
            <SYNTAX>
                <NP value="Cause">
                    <SYNRESTRS/>
                </NP>
                <VERB/>
                <NP value="Topic">
                    <SYNRESTRS>
                        <SYNRESTR Value="+" type="wh_comp"/>
                    </SYNRESTRS>
                </NP>
            </SYNTAX>
            <SEMANTICS>
                <PRED value="indicate">
                    <ARGS>
                        <ARG type="Event" value="during(E)"/>
                        <ARG type="ThemRole" value="Cause"/>
                        <ARG type="ThemRole" value="?Recipient"/>
                        <ARG type="ThemRole" value="Topic"/>
                    </ARGS>
                </PRED>
            </SEMANTICS>
        </FRAME>
        <FRAME>
            <DESCRIPTION descriptionNumber="8.1" primary="WHAT-S" secondary="" xtag="0.2"/>
            <EXAMPLES>
                <EXAMPLE>This indicates what he should do.</EXAMPLE>
            </EXAMPLES>
            <SYNTAX>
                <NP value="Cause">
                    <SYNRESTRS/>
                </NP>
                <VERB/>
                <NP value="Topic">
                    <SYNRESTRS>
                        <SYNRESTR Value="+" type="what_extract"/>
                    </SYNRESTRS>
                </NP>
            </SYNTAX>
            <SEMANTICS>
                <PRED value="indicate">
                    <ARGS>
                        <ARG type="Event" value="during(E)"/>
                        <ARG type="ThemRole" value="Cause"/>
                        <ARG type="ThemRole" value="?Recipient"/>
                        <ARG type="ThemRole" value="Topic"/>
                    </ARGS>
                </PRED>
            </SEMANTICS>
        </FRAME>
    </FRAMES>
    <SUBCLASSES>
        <VNSUBCLASS ID="indicate-78-1">
            <MEMBERS>
                <MEMBER name="explain" wn=""/>
                <MEMBER name="indicate" wn=""/>
                <MEMBER name="say" wn=""/>
            </MEMBERS>
            <THEMROLES/>
            <FRAMES>
                <FRAME>
                    <DESCRIPTION descriptionNumber="8.1" primary="PP-THAT-S-SUBJUNCT" secondary="to-PP" xtag="0.1"/>
                    <EXAMPLES>
                        <EXAMPLE>This indicates to us that they had stolen money.</EXAMPLE>
                    </EXAMPLES>
                    <SYNTAX>
                        <NP value="Cause">
                            <SYNRESTRS/>
                        </NP>
                        <VERB/>
                        <PREP value="to">
                            <SELRESTRS/>
                        </PREP>
                        <NP value="Recipient">
                            <SYNRESTRS/>
                        </NP>
                        <NP value="Topic">
                            <SYNRESTRS>
                                <SYNRESTR Value="+" type="that_comp"/>
                                <SYNRESTR Value="-" type="tensed_that"/>
                            </SYNRESTRS>
                        </NP>
                    </SYNTAX>
                    <SEMANTICS>
                        <PRED value="indicate">
                            <ARGS>
                                <ARG type="Event" value="during(E)"/>
                                <ARG type="ThemRole" value="Cause"/>
                                <ARG type="ThemRole" value="Recipient"/>
                                <ARG type="ThemRole" value="Topic"/>
                            </ARGS>
                        </PRED>
                    </SEMANTICS>
                </FRAME>
                <FRAME>
                    <DESCRIPTION descriptionNumber="8.1" primary="PP-WH-S" secondary="to-PP" xtag="0.1"/>
                    <EXAMPLES>
                        <EXAMPLE>This indicates to me whether they did it.</EXAMPLE>
                    </EXAMPLES>
                    <SYNTAX>
                        <NP value="Cause">
                            <SYNRESTRS/>
                        </NP>
                        <VERB/>
                        <PREP value="to">
                            <SELRESTRS/>
                        </PREP>
                        <NP value="Recipient">
                            <SYNRESTRS/>
                        </NP>
                        <NP value="Topic">
                            <SYNRESTRS>
                                <SYNRESTR Value="+" type="wh_comp"/>
                            </SYNRESTRS>
                        </NP>
                    </SYNTAX>
                    <SEMANTICS>
                        <PRED value="indicate">
                            <ARGS>
                                <ARG type="Event" value="during(E)"/>
                                <ARG type="ThemRole" value="Cause"/>
                                <ARG type="ThemRole" value="Recipient"/>
                                <ARG type="ThemRole" value="Topic"/>
                            </ARGS>
                        </PRED>
                    </SEMANTICS>
                </FRAME>
                <FRAME>
                    <DESCRIPTION descriptionNumber="8.1" primary="PP-WHAT-S" secondary="to-PP" xtag="0.1"/>
                    <EXAMPLES>
                        <EXAMPLE>This indicates to me what he is.</EXAMPLE>
                    </EXAMPLES>
                    <SYNTAX>
                        <NP value="Cause">
                            <SYNRESTRS/>
                        </NP>
                        <VERB/>
                        <PREP value="to">
                            <SELRESTRS/>
                        </PREP>
                        <NP value="Recipient">
                            <SYNRESTRS/>
                        </NP>
                        <NP value="Topic">
                            <SYNRESTRS>
                                <SYNRESTR Value="+" type="what_extract"/>
                            </SYNRESTRS>
                        </NP>
                    </SYNTAX>
                    <SEMANTICS>
                        <PRED value="indicate">
                            <ARGS>
                                <ARG type="Event" value="during(E)"/>
                                <ARG type="ThemRole" value="Cause"/>
                                <ARG type="ThemRole" value="Recipient"/>
                                <ARG type="ThemRole" value="Topic"/>
                            </ARGS>
                        </PRED>
                    </SEMANTICS>
                </FRAME>
                <FRAME>
                    <DESCRIPTION descriptionNumber="8.1" primary="PP-HOW-S" secondary="to-PP" xtag="0.1"/>
                    <EXAMPLES>
                        <EXAMPLE>This indicates to us how it happended.</EXAMPLE>
                    </EXAMPLES>
                    <SYNTAX>
                        <NP value="Cause">
                            <SYNRESTRS/>
                        </NP>
                        <VERB/>
                        <PREP value="to">
                            <SELRESTRS/>
                        </PREP>
                        <NP value="Recipient">
                            <SYNRESTRS/>
                        </NP>
                        <NP value="Topic">
                            <SYNRESTRS>
                                <SYNRESTR Value="+" type="how_extract"/>
                            </SYNRESTRS>
                        </NP>
                    </SYNTAX>
                    <SEMANTICS>
                        <PRED value="indicate">
                            <ARGS>
                                <ARG type="Event" value="during(E)"/>
                                <ARG type="ThemRole" value="Agent"/>
                                <ARG type="ThemRole" value="Recipient"/>
                                <ARG type="ThemRole" value="Topic"/>
                            </ARGS>
                        </PRED>
                    </SEMANTICS>
                </FRAME>
            </FRAMES>
            <SUBCLASSES>
                <VNSUBCLASS ID="indicate-78-1-1">
                    <MEMBERS>
                        <MEMBER name="confirm" wn=""/>
                        <MEMBER name="demonstrate" wn=""/>
                        <MEMBER name="establish" wn=""/>
                        <MEMBER name="prove" wn=""/>
                        <MEMBER name="reveal" wn=""/>
                        <MEMBER name="show" wn=""/>
                    </MEMBERS>
                    <THEMROLES/>
                    <FRAMES>
                        <FRAME>
                            <DESCRIPTION descriptionNumber="8.1" primary="NP-TOBE" secondary="" xtag=""/>
                            <EXAMPLES>
                                <EXAMPLE>This indicates him to be the thief.</EXAMPLE>
                            </EXAMPLES>
                            <SYNTAX>
                                <NP value="Cause">
                                    <SYNRESTRS/>
                                </NP>
                                <VERB/>
                                <NP value="Topic">
                                    <SYNRESTRS>
                                        <SYNRESTR Value="+" type="to_be"/>
                                    </SYNRESTRS>
                                </NP>
                            </SYNTAX>
                            <SEMANTICS>
                                <PRED value="indicate">
                                    <ARGS>
                                        <ARG type="Event" value="during(E)"/>
                                        <ARG type="ThemRole" value="Cause"/>
                                        <ARG type="ThemRole" value="?Recipient"/>
                                        <ARG type="ThemRole" value="Topic"/>
                                    </ARGS>
                                </PRED>
                            </SEMANTICS>
                        </FRAME>
                    </FRAMES>
                    <SUBCLASSES/>
                </VNSUBCLASS>
            </SUBCLASSES>
        </VNSUBCLASS>
    </SUBCLASSES>
</VNCLASS>



