<?xml version="1.0" encoding="UTF-8"?>
<!DOCTYPE VNCLASS SYSTEM "vn_class-3.dtd">
<VNCLASS ID="judgement-33" xmlns:xsi="http://www.w3.org/2001/XMLSchema-instance" xsi:noNamespaceSchemaLocation="vn_schema-3.xsd">
    <MEMBERS>
        <MEMBER name="acclaim" wn="acclaim%2:32:00"/>
        <MEMBER name="accurse" wn=""/>
        <MEMBER name="applaud" wn="applaud%2:32:00"/>
        <MEMBER name="assail" wn=""/>
        <MEMBER name="assault" wn=""/>
        <MEMBER name="attack" wn=""/>
        <MEMBER name="belittle" wn=""/>
        <MEMBER name="blame" wn=""/>
        <MEMBER name="blaspheme" wn=""/>
        <MEMBER name="bless" wn="bless%2:32:00 bless%2:40:00"/>
        <MEMBER name="celebrate" wn="celebrate%2:41:02"/>
        <MEMBER name="commend" wn="commend%2:32:00 commend%2:32:02"/>
        <MEMBER name="compensate" wn="compensate%2:40:00"/>
        <MEMBER name="compliment" wn="compliment%2:32:00 compliment%2:32:01"/>
        <MEMBER name="condone" wn=""/>
        <MEMBER name="congratulate" wn="congratulate%2:32:00 congratulate%2:32:01 congratulate%2:37:00 congratulate%2:32:11"/>
        <MEMBER name="curse" wn=""/>
        <MEMBER name="damn" wn=""/>
        <MEMBER name="doubt" wn=""/>
        <MEMBER name="eulogize" wn="eulogize%2:32:00"/>
        <MEMBER name="excoriate" wn=""/>
        <MEMBER name="excuse" wn="excuse%2:32:01 excuse%2:32:02"/>
        <MEMBER name="extol" wn="extol%2:32:00"/>
        <MEMBER name="felicitate" wn="felicitate%2:32:00"/>
        <MEMBER name="forgive" wn="forgive%2:32:00"/>
        <MEMBER name="gibe" wn=""/>
        <MEMBER name="glorify" wn=""/>
        <MEMBER name="greet" wn="greet%2:32:00 ?greet%2:31:00"/>
        <MEMBER name="hail" wn="hail%2:32:02"/>
        <MEMBER name="herald" wn="herald%2:32:01"/>
        <MEMBER name="imprecate" wn=""/>
        <MEMBER name="incriminate" wn=""/>
        <MEMBER name="indict" wn=""/>
        <MEMBER name="lampoon" wn="lampoon%2:32:00"/>
        <MEMBER name="stigmatize" wn="stigmatize%2:41:00"/>
        <MEMBER name="praise" wn="praise%2:32:00"/>
        <MEMBER name="honor" wn="honor%2:41:00 honor%2:41:01"/>
        <MEMBER name="recommend" wn="recommend%2:32:00"/>
        <MEMBER name="laud" wn="laud%2:32:00"/>
        <MEMBER name="pardon" wn="pardon%2:32:01 pardon%2:32:00"/>
        <MEMBER name="recompense" wn="recompense%2:40:01"/>
        <MEMBER name="remunerate" wn="remunerate%2:40:00"/>
        <MEMBER name="slander" wn=""/>
        <MEMBER name="stultify" wn=""/>
        <MEMBER name="repay" wn="repay%2:40:02"/>
        <MEMBER name="reward" wn="reward%2:41:01"/>
        <MEMBER name="salute" wn="salute%2:32:03 salute%2:34:00"/>
        <MEMBER name="thank" wn="thank%2:32:00"/>
        <MEMBER name="toast" wn="toast%2:34:00"/>
        <MEMBER name="welcome" wn="welcome%2:40:00"/>
        <MEMBER name="abuse" wn="abuse%2:41:00 abuse%2:30:00 abuse%2:32:00"/>
        <MEMBER name="backbite" wn="backbite%2:32:00"/>
        <MEMBER name="calumniate" wn="calumniate%2:32:00"/>
        <MEMBER name="castigate" wn="castigate%2:32:00"/>
        <MEMBER name="censure" wn="censure%2:32:00"/>
        <MEMBER name="chasten" wn="chasten%2:32:00"/>
        <MEMBER name="chastise" wn="chastise%2:32:00"/>
        <MEMBER name="chide" wn="chide%2:32:00"/>
        <MEMBER name="condemn" wn="condemn%2:32:00"/>
        <MEMBER name="criticize" wn="criticize%2:32:00 criticize%2:33:00"/>
        <MEMBER name="decry" wn="decry%2:32:00"/>
        <MEMBER name="defame" wn="defame%2:32:00"/>
        <MEMBER name="denigrate" wn="denigrate%2:32:00 denigrate%2:32:01"/>
        <MEMBER name="denounce" wn="denounce%2:32:00 denounce%2:41:00"/>
        <MEMBER name="deprecate" wn="deprecate%2:32:01 deprecate%2:32:00"/>
        <MEMBER name="deride" wn="deride%2:32:00"/>
        <MEMBER name="disparage" wn="disparage%2:32:00"/>
        <MEMBER name="fault" wn="fault%2:32:00"/>
        <MEMBER name="fine" wn=""/>
        <MEMBER name="impeach" wn="impeach%2:32:03"/>
        <MEMBER name="insult" wn="insult%2:32:00"/>
        <MEMBER name="lambaste" wn="lambaste%2:32:00"/>
        <MEMBER name="malign" wn="malign%2:32:00"/>
        <MEMBER name="mock" wn="mock%2:32:00"/>
        <MEMBER name="penalize" wn="penalize%2:41:00"/>
        <MEMBER name="persecute" wn="persecute%2:41:00"/>
        <MEMBER name="prosecute" wn="?prosecute%2:41:01"/>
        <MEMBER name="punish" wn="punish%2:41:00"/>
        <MEMBER name="rebuke" wn="rebuke%2:32:00"/>
        <MEMBER name="reprimand" wn="reprimand%2:32:01"/>
        <MEMBER name="reproach" wn="reproach%2:32:00"/>
        <MEMBER name="reprove" wn="reprove%2:32:00"/>
        <MEMBER name="revile" wn="revile%2:32:00"/>
        <MEMBER name="ridicule" wn="ridicule%2:32:00"/>
        <MEMBER name="scold" wn="scold%2:32:00"/>
        <MEMBER name="repudiate" wn="repudiate%2:32:00"/>
        <MEMBER name="scorn" wn="scorn%2:37:00"/>
        <MEMBER name="shame" wn="shame%2:41:00 shame%2:37:00"/>
        <MEMBER name="snub" wn="snub%2:32:01 snub%2:32:00"/>
        <MEMBER name="upbraid" wn="upbraid%2:32:00"/>
        <MEMBER name="victimize" wn="victimize%2:41:01 victimize%2:41:00"/>
        <MEMBER name="vilify" wn="vilify%2:32:00"/>
        <MEMBER name="approve" wn="approve%2:32:00 approve%2:31:00"/>
        <MEMBER name="sanction" wn=""/>
    </MEMBERS>
    <THEMROLES>
        <THEMROLE type="Agent">
            <SELRESTRS>
                <SELRESTR Value="+" type="human"/>
            </SELRESTRS>
        </THEMROLE>
        <THEMROLE type="Theme">
            <SELRESTRS/>
        </THEMROLE>
        <THEMROLE type="Predicate">
            <SELRESTRS/>
        </THEMROLE>
    </THEMROLES>
    <FRAMES>
        <FRAME>
            <DESCRIPTION descriptionNumber="0.2" primary="Basic Transitive" secondary="" xtag=""/>
            <EXAMPLES>
                <EXAMPLE>They praised the volunteers.</EXAMPLE>
            </EXAMPLES>
            <SYNTAX>
                <NP value="Agent">
                    <SYNRESTRS/>
                </NP>
                <VERB/>
                <NP value="Theme">
                    <SYNRESTRS/>
                </NP>
            </SYNTAX>
            <SEMANTICS>
                <PRED value="declare">
                    <ARGS>
                        <ARG type="Event" value="during(E)"/>
                        <ARG type="ThemRole" value="Agent"/>
                        <ARG type="ThemRole" value="Theme"/>
                        <ARG type="ThemRole" value="?Predicate"/>
                    </ARGS>
                </PRED>
            </SEMANTICS>
        </FRAME>
        <FRAME>
            <DESCRIPTION descriptionNumber="0.2" primary="NP-PP" secondary="Cause-PP" xtag=""/>
            <EXAMPLES>
                <EXAMPLE>They praised the volunteers for their dedication.</EXAMPLE>
            </EXAMPLES>
            <SYNTAX>
                <NP value="Agent">
                    <SYNRESTRS/>
                </NP>
                <VERB/>
                <NP value="Theme">
                    <SYNRESTRS/>
                </NP>
                <PREP value="for">
                    <SELRESTRS/>
                </PREP>
                <NP value="Predicate">
                    <SYNRESTRS/>
                </NP>
            </SYNTAX>
            <SEMANTICS>
                <PRED value="declare">
                    <ARGS>
                        <ARG type="Event" value="during(E)"/>
                        <ARG type="ThemRole" value="Agent"/>
                        <ARG type="ThemRole" value="Theme"/>
                        <ARG type="ThemRole" value="Predicate"/>
                    </ARGS>
                </PRED>
            </SEMANTICS>
        </FRAME>
        <FRAME>
            <DESCRIPTION descriptionNumber="2.13.2" primary="NP" secondary="Predicate Object" xtag=""/>
            <EXAMPLES>
                <EXAMPLE>They praised the volunteer's dedication.</EXAMPLE>
            </EXAMPLES>
            <SYNTAX>
                <NP value="Agent">
                    <SYNRESTRS/>
                </NP>
                <VERB/>
                <NP value="Theme">
                    <SYNRESTRS>
                        <SYNRESTR Value="+" type="genitive"/>
                    </SYNRESTRS>
                </NP>
                <NP value="Predicate">
                    <SYNRESTRS/>
                </NP>
            </SYNTAX>
            <SEMANTICS>
                <PRED value="declare">
                    <ARGS>
                        <ARG type="Event" value="during(E)"/>
                        <ARG type="ThemRole" value="Agent"/>
                        <ARG type="ThemRole" value="Theme"/>
                        <ARG type="ThemRole" value="Predicate"/>
                    </ARGS>
                </PRED>
            </SEMANTICS>
        </FRAME>
        <FRAME>
            <DESCRIPTION descriptionNumber="8.1" primary="NP-PP" secondary="as-PP" xtag=""/>
            <EXAMPLES>
                <EXAMPLE>I judged him as a good man.</EXAMPLE>
            </EXAMPLES>
            <SYNTAX>
                <NP value="Agent">
                    <SYNRESTRS/>
                </NP>
                <VERB/>
                <NP value="Theme">
                    <SYNRESTRS/>
                </NP>
                <PREP value="as">
                    <SELRESTRS/>
                </PREP>
                <NP value="Predicate">
                    <SYNRESTRS/>
                </NP>
            </SYNTAX>
            <SEMANTICS>
                <PRED value="declare">
                    <ARGS>
                        <ARG type="Event" value="during(E)"/>
                        <ARG type="ThemRole" value="Agent"/>
                        <ARG type="ThemRole" value="Theme"/>
                        <ARG type="ThemRole" value="Predicate"/>
                    </ARGS>
                </PRED>
            </SEMANTICS>
        </FRAME>
        <FRAME>
            <DESCRIPTION descriptionNumber="8.1" primary="NP-TOBE" secondary="" xtag=""/>
            <EXAMPLES>
                <EXAMPLE>I judged him to be a good man.</EXAMPLE>
            </EXAMPLES>
            <SYNTAX>
                <NP value="Agent">
                    <SYNRESTRS/>
                </NP>
                <VERB/>
                <NP value="Theme">
                    <SYNRESTRS/>
                </NP>
                <NP value="Predicate">
                    <SYNRESTRS>
                        <SYNRESTR Value="+" type="small_clause"/>
                    </SYNRESTRS>
                </NP>
            </SYNTAX>
            <SEMANTICS>
                <PRED value="declare">
                    <ARGS>
                        <ARG type="Event" value="during(E)"/>
                        <ARG type="ThemRole" value="Agent"/>
                        <ARG type="ThemRole" value="Theme"/>
                        <ARG type="ThemRole" value="Predicate"/>
                    </ARGS>
                </PRED>
            </SEMANTICS>
        </FRAME>
    </FRAMES>
    <SUBCLASSES/>
</VNCLASS>
