<?xml version="1.0" encoding="UTF-8"?>
<!DOCTYPE VNCLASS SYSTEM "vn_class-3.dtd">
<VNCLASS ID="leave-51.2" xmlns:xsi="http://www.w3.org/2001/XMLSchema-instance" xsi:noNamespaceSchemaLocation="vn_schema-3.xsd">
    <MEMBERS>
        <MEMBER name="abandon" wn="abandon%2:40:00 abandon%2:38:00"/>
    </MEMBERS>
    <THEMROLES>
        <THEMROLE type="Theme">
            <SELRESTRS>
                <SELRESTR Value="+" type="animate"/>
            </SELRESTRS>
        </THEMROLE>
        <THEMROLE type="Source">
            <SELRESTRS>
                <SELRESTR Value="+" type="location"/>
                <SELRESTR Value="-" type="region"/>
            </SELRESTRS>
        </THEMROLE>
    </THEMROLES>
    <FRAMES>
        <FRAME>
            <DESCRIPTION descriptionNumber="0.2" primary="Transitive" secondary="basically, locative preposition drop of &quot;from&quot;" xtag="0.2"/>
            <EXAMPLES>
                <EXAMPLE>We abandoned the area.</EXAMPLE>
            </EXAMPLES>
            <SYNTAX>
                <NP value="Theme">
                    <SYNRESTRS/>
                </NP>
                <VERB/>
                <NP value="Source">
                    <SYNRESTRS/>
                </NP>
            </SYNTAX>
            <SEMANTICS>
                <PRED value="motion">
                    <ARGS>
                        <ARG type="Event" value="during(E)"/>
                        <ARG type="ThemRole" value="Theme"/>
                    </ARGS>
                </PRED>
                <PRED value="location">
                    <ARGS>
                        <ARG type="Event" value="start(E)"/>
                        <ARG type="ThemRole" value="Theme"/>
                        <ARG type="ThemRole" value="Source"/>
                    </ARGS>
                </PRED>
                <PRED bool="!" value="location">
                    <ARGS>
                        <ARG type="Event" value="end(E)"/>
                        <ARG type="ThemRole" value="Theme"/>
                        <ARG type="ThemRole" value="Source"/>
                    </ARGS>
                </PRED>
                <PRED value="direction">
                    <ARGS>
                        <ARG type="Event" value="during(E)"/>
                        <ARG type="Constant" value="from"/>
                        <ARG type="ThemRole" value="Theme"/>
                        <ARG type="ThemRole" value="Source"/>
                    </ARGS>
                </PRED>
            </SEMANTICS>
        </FRAME>
    </FRAMES>
    <SUBCLASSES>
        <VNSUBCLASS ID="leave-51.2-1">
            <MEMBERS>
                <MEMBER name="desert" wn="desert%2:31:00"/>
                <MEMBER name="leave" wn="leave%2:38:00"/>
            </MEMBERS>
            <THEMROLES/>
            <FRAMES>
                <FRAME>
                    <DESCRIPTION descriptionNumber="" primary="Basic Intransitive" secondary="" xtag=""/>
                    <EXAMPLES>
                        <EXAMPLE>The crowd left.</EXAMPLE>
                    </EXAMPLES>
                    <SYNTAX>
                        <NP value="Theme">
                            <SYNRESTRS/>
                        </NP>
                        <VERB/>
                    </SYNTAX>
                    <SEMANTICS>
                        <PRED value="motion">
                            <ARGS>
                                <ARG type="Event" value="during(E)"/>
                                <ARG type="ThemRole" value="Theme"/>
                            </ARGS>
                        </PRED>
                        <PRED value="location">
                            <ARGS>
                                <ARG type="Event" value="start(E)"/>
                                <ARG type="ThemRole" value="Theme"/>
                                <ARG type="ThemRole" value="?Source"/>
                            </ARGS>
                        </PRED>
                        <PRED bool="!" value="location">
                            <ARGS>
                                <ARG type="Event" value="end(E)"/>
                                <ARG type="ThemRole" value="Theme"/>
                                <ARG type="ThemRole" value="?Source"/>
                            </ARGS>
                        </PRED>
                        <PRED value="direction">
                            <ARGS>
                                <ARG type="Event" value="during(E)"/>
                                <ARG type="Constant" value="from"/>
                                <ARG type="ThemRole" value="Theme"/>
                                <ARG type="ThemRole" value="?Source"/>
                            </ARGS>
                        </PRED>
                    </SEMANTICS>
                </FRAME>
            </FRAMES>
            <SUBCLASSES/>
        </VNSUBCLASS>
    </SUBCLASSES>
</VNCLASS>
