<?xml version="1.0" encoding="UTF-8"?>
<!DOCTYPE VNCLASS SYSTEM "vn_class-3.dtd">
<VNCLASS ID="limit-76" xmlns:xsi="http://www.w3.org/2001/XMLSchema-instance" xsi:noNamespaceSchemaLocation="vn_schema-3.xsd">
    <MEMBERS>
        <MEMBER name="confine" wn=""/>
        <MEMBER name="limit" wn=""/>
        <MEMBER name="reduce" wn=""/>
        <MEMBER name="restrict" wn=""/>
        <MEMBER name="restrain" wn=""/>
        <MEMBER name="constrain" wn=""/>
    </MEMBERS>
    <THEMROLES>
        <THEMROLE type="Cause">
            <SELRESTRS/>
        </THEMROLE>
        <THEMROLE type="Patient">
            <SELRESTRS logic="or">
                <SELRESTR Value="+" type="animate"/>
                <SELRESTR Value="+" type="organization"/>
            </SELRESTRS>
        </THEMROLE>
        <THEMROLE type="Proposition">
            <SELRESTRS/>
        </THEMROLE>
    </THEMROLES>
    <FRAMES>
        <FRAME>
            <DESCRIPTION descriptionNumber="0.2" primary="Basic Transitive" secondary="" xtag="0.2"/>
            <EXAMPLES>
                <EXAMPLE>The lack of money limited the help.</EXAMPLE>
            </EXAMPLES>
            <SYNTAX>
                <NP value="Cause">
                    <SYNRESTRS/>
                </NP>
                <VERB/>
                <NP value="Patient">
                    <SYNRESTRS/>
                </NP>
            </SYNTAX>
            <SEMANTICS>
                <PRED value="limit">
                    <ARGS>
                        <ARG type="Event" value="during(E)"/>
                        <ARG type="ThemRole" value="Cause"/>
                        <ARG type="ThemRole" value="Patient"/>
                        <ARG type="ThemRole" value="?Proposition"/>
                    </ARGS>
                </PRED>
            </SEMANTICS>
        </FRAME>
        <FRAME>
            <DESCRIPTION descriptionNumber="8.1" primary="NP-P-ING-OC" secondary="to-PP" xtag="0.2"/>
            <EXAMPLES>
                <EXAMPLE>The lack of money limited them to helping to our peers.</EXAMPLE>
            </EXAMPLES>
            <SYNTAX>
                <NP value="Cause">
                    <SYNRESTRS/>
                </NP>
                <VERB/>
                <NP value="Patient">
                    <SYNRESTRS/>
                </NP>
                <PREP value="to">
                    <SELRESTRS/>
                </PREP>
                <NP value="Proposition">
                    <SYNRESTRS>
                        <SYNRESTR Value="+" type="oc_ing"/>
                    </SYNRESTRS>
                </NP>
            </SYNTAX>
            <SEMANTICS>
                <PRED value="limit">
                    <ARGS>
                        <ARG type="Event" value="during(E)"/>
                        <ARG type="ThemRole" value="Cause"/>
                        <ARG type="ThemRole" value="Patient"/>
                        <ARG type="ThemRole" value="Proposition"/>
                    </ARGS>
                </PRED>
            </SEMANTICS>
        </FRAME>
        <FRAME>
            <DESCRIPTION descriptionNumber="0.2" primary="NP-PP" secondary="to-PP" xtag="0.2"/>
            <EXAMPLES>
                <EXAMPLE>The lack of money limited the help to our peers.</EXAMPLE>
            </EXAMPLES>
            <SYNTAX>
                <NP value="Cause">
                    <SYNRESTRS/>
                </NP>
                <VERB/>
                <NP value="Patient">
                    <SYNRESTRS/>
                </NP>
                <PREP value="to">
                    <SELRESTRS/>
                </PREP>
                <NP value="Proposition">
                    <SYNRESTRS/>
                </NP>
            </SYNTAX>
            <SEMANTICS>
                <PRED value="limit">
                    <ARGS>
                        <ARG type="Event" value="during(E)"/>
                        <ARG type="ThemRole" value="Cause"/>
                        <ARG type="ThemRole" value="Patient"/>
                        <ARG type="ThemRole" value="Proposition"/>
                    </ARGS>
                </PRED>
            </SEMANTICS>
        </FRAME>
        <FRAME>
            <DESCRIPTION descriptionNumber="8.1" primary="NP-TO-INF-OC" secondary="" xtag="0.2"/>
            <EXAMPLES>
                <EXAMPLE>The lack of money limited them to help their peers only.</EXAMPLE>
            </EXAMPLES>
            <SYNTAX>
                <NP value="Cause">
                    <SYNRESTRS/>
                </NP>
                <VERB/>
                <NP value="Patient">
                    <SYNRESTRS/>
                </NP>
                <NP value="Proposition">
                    <SYNRESTRS>
                        <SYNRESTR Value="+" type="oc_to_inf"/>
                    </SYNRESTRS>
                </NP>
            </SYNTAX>
            <SEMANTICS>
                <PRED value="limit">
                    <ARGS>
                        <ARG type="Event" value="during(E)"/>
                        <ARG type="ThemRole" value="Cause"/>
                        <ARG type="ThemRole" value="Patient"/>
                        <ARG type="ThemRole" value="Proposition"/>
                    </ARGS>
                </PRED>
            </SEMANTICS>
        </FRAME>
    </FRAMES>
    <SUBCLASSES/>
</VNCLASS>



