<?xml version="1.0" encoding="UTF-8"?>
<!DOCTYPE VNCLASS SYSTEM "vn_class-3.dtd">
<VNCLASS ID="long-32.2" xmlns:xsi="http://www.w3.org/2001/XMLSchema-instance" xsi:noNamespaceSchemaLocation="vn_schema-3.xsd">
    <MEMBERS/>
    <THEMROLES>
        <THEMROLE type="Experiencer">
            <SELRESTRS/>
        </THEMROLE>
        <THEMROLE type="Theme">
            <SELRESTRS/>
        </THEMROLE>
        <!--class needs to be subdivided-->
    </THEMROLES>
    <FRAMES>
        <FRAME>
            <DESCRIPTION descriptionNumber="" primary="TO-INF-SC" secondary="" xtag=""/>
            <EXAMPLES>
                <EXAMPLE>John oft hankered to move up the corporate ladder.</EXAMPLE>
            </EXAMPLES>
            <SYNTAX>
                <NP value="Experiencer">
                    <SYNRESTRS/>
                </NP>
                <VERB/>
                <NP value="Theme">
                    <SYNRESTRS>
                        <SYNRESTR Value="+" type="sc_to_inf"/>
                    </SYNRESTRS>
                </NP>
            </SYNTAX>
            <SEMANTICS>
                <PRED value="desire">
                    <ARGS>
                        <ARG type="Event" value="E"/>
                        <ARG type="ThemRole" value="Experiencer"/>
                        <ARG type="ThemRole" value="Theme"/>
                    </ARGS>
                </PRED>
            </SEMANTICS>
        </FRAME>
    </FRAMES>
    <SUBCLASSES>
        <VNSUBCLASS ID="long-32.2-1">
            <MEMBERS>
                <MEMBER name="ache" wn="ache%2:37:06"/>
                <MEMBER name="crave" wn="crave%2:34:00"/>
                <MEMBER name="fall" wn=""/>
                <MEMBER name="hanker" wn="hanker%2:37:00"/>
                <MEMBER name="hope" wn="hope%2:37:01"/>
                <MEMBER name="hunger" wn="hunger%2:34:01"/>
                <MEMBER name="itch" wn="itch%2:37:00"/>
                <MEMBER name="long" wn="long%2:37:02"/>
                <MEMBER name="lust" wn="lust%2:34:00"/>
                <MEMBER name="pine" wn="pine%2:37:00"/>
                <MEMBER name="pray" wn="pray%2:32:00"/>
                <MEMBER name="thirst" wn="thirst%2:34:00"/>
                <MEMBER name="wish" wn="?wish%2:37:00 ?wish%2:32:01"/>
                <MEMBER name="yearn" wn="yearn%2:37:00 yearn%2:37:01"/>
            </MEMBERS>
            <THEMROLES/>
            <FRAMES>
                <FRAME>
                    <DESCRIPTION descriptionNumber="" primary="PP" secondary="for-PP" xtag=""/>
                    <EXAMPLES>
                        <EXAMPLE>Danny longs for a sunny day.</EXAMPLE>
                    </EXAMPLES>
                    <SYNTAX>
                        <NP value="Experiencer">
                            <SYNRESTRS/>
                        </NP>
                        <VERB/>
                        <PREP value="for">
                            <SELRESTRS/>
                        </PREP>
                        <NP value="Theme">
                            <SYNRESTRS/>
                        </NP>
                    </SYNTAX>
                    <SEMANTICS>
                        <PRED value="desire">
                            <ARGS>
                                <ARG type="Event" value="E"/>
                                <ARG type="ThemRole" value="Experiencer"/>
                                <ARG type="ThemRole" value="Theme"/>
                            </ARGS>
                        </PRED>
                    </SEMANTICS>
                </FRAME>
            </FRAMES>
            <SUBCLASSES/>
        </VNSUBCLASS>
        <VNSUBCLASS ID="long-32.2-2">
            <MEMBERS>
                <MEMBER name="dangle" wn=""/>
                <MEMBER name="hanker" wn="hanker%2:37:00"/>
                <MEMBER name="lust" wn="lust%2:34:00"/>
                <MEMBER name="thirst" wn="thirst%2:34:00"/>
                <MEMBER name="yearn" wn="yearn%2:37:00 yearn%2:37:01"/>
            </MEMBERS>
            <THEMROLES/>
            <FRAMES>
                <FRAME>
                    <DESCRIPTION descriptionNumber="" primary="PP" secondary="after-PP" xtag=""/>
                    <EXAMPLES>
                        <EXAMPLE>Danny yearns after sunny days.</EXAMPLE>
                    </EXAMPLES>
                    <SYNTAX>
                        <NP value="Experiencer">
                            <SYNRESTRS/>
                        </NP>
                        <VERB/>
                        <PREP value="after">
                            <SELRESTRS/>
                        </PREP>
                        <NP value="Theme">
                            <SYNRESTRS/>
                        </NP>
                    </SYNTAX>
                    <SEMANTICS>
                        <PRED value="desire">
                            <ARGS>
                                <ARG type="Event" value="E"/>
                                <ARG type="ThemRole" value="Experiencer"/>
                                <ARG type="ThemRole" value="Theme"/>
                            </ARGS>
                        </PRED>
                    </SEMANTICS>
                </FRAME>
            </FRAMES>
            <SUBCLASSES/>
        </VNSUBCLASS>
    </SUBCLASSES>
</VNCLASS>
