<?xml version="1.0" encoding="UTF-8"?>
<!DOCTYPE VNCLASS SYSTEM "vn_class-3.dtd">
<VNCLASS ID="marry-36.2" xmlns:xsi="http://www.w3.org/2001/XMLSchema-instance" xsi:noNamespaceSchemaLocation="vn_schema-3.xsd">
    <MEMBERS>
        <MEMBER name="court" wn="court%2:41:00 court%2:41:10"/>
        <MEMBER name="cuddle" wn="cuddle%2:35:00 cuddle%2:35:01"/>
        <MEMBER name="date" wn="date%2:41:00 date%2:41:01"/>
        <MEMBER name="divorce" wn="divorce%2:41:01 divorce%2:41:00"/>
        <MEMBER name="embrace" wn="embrace%2:35:00"/>
        <MEMBER name="hug" wn="hug%2:35:01"/>
        <MEMBER name="kiss" wn="kiss%2:35:00"/>
        <MEMBER name="marry" wn="marry%2:41:00"/>
        <MEMBER name="nuzzle" wn="nuzzle%2:35:02 nuzzle%2:35:00"/>
        <MEMBER name="pet" wn="pet%2:35:00 pet%2:35:01"/>
        <!-- Removed "pass" from class -->
    </MEMBERS>
    <THEMROLES>
        <THEMROLE type="Actor">
            <SELRESTRS>
                <SELRESTR Value="+" type="animate"/>
            </SELRESTRS>
        </THEMROLE>
        <THEMROLE type="Actor1">
            <SELRESTRS>
                <SELRESTR Value="+" type="animate"/>
            </SELRESTRS>
        </THEMROLE>
        <THEMROLE type="Actor2">
            <SELRESTRS>
                <SELRESTR Value="+" type="animate"/>
            </SELRESTRS>
        </THEMROLE>
    </THEMROLES>
    <FRAMES>
        <FRAME>
            <DESCRIPTION descriptionNumber="0.1" primary="Intransitive" secondary="Plural Subject" xtag=""/>
            <EXAMPLES>
                <EXAMPLE>Bill and Kathy married.</EXAMPLE>
            </EXAMPLES>
            <SYNTAX>
                <NP value="Actor">
                    <SYNRESTRS>
                        <SYNRESTR Value="+" type="plural"/>
                    </SYNRESTRS>
                </NP>
                <VERB/>
            </SYNTAX>
            <SEMANTICS>
                <PRED value="social_interaction">
                    <ARGS>
                        <ARG type="Event" value="during(E)"/>
                        <ARG type="ThemRole" value="Actor_i"/>
                        <ARG type="ThemRole" value="Actor_j"/>
                    </ARGS>
                </PRED>
            </SEMANTICS>
        </FRAME>
        <FRAME>
            <DESCRIPTION descriptionNumber="0.2" primary="Transitive" secondary="" xtag=""/>
            <EXAMPLES>
                <EXAMPLE>Bill married Kathy.</EXAMPLE>
            </EXAMPLES>
            <SYNTAX>
                <NP value="Actor1">
                    <SYNRESTRS/>
                </NP>
                <VERB/>
                <NP value="Actor2">
                    <SYNRESTRS/>
                </NP>
            </SYNTAX>
            <SEMANTICS>
                <PRED value="social_interaction">
                    <ARGS>
                        <ARG type="Event" value="during(E)"/>
                        <ARG type="ThemRole" value="Actor1"/>
                        <ARG type="ThemRole" value="Actor2"/>
                    </ARGS>
                </PRED>
            </SEMANTICS>
        </FRAME>
    </FRAMES>
    <SUBCLASSES/>
</VNCLASS>
