<?xml version="1.0" encoding="UTF-8"?>
<!DOCTYPE VNCLASS SYSTEM "vn_class-3.dtd">
<VNCLASS ID="meet-36.3" xmlns:xsi="http://www.w3.org/2001/XMLSchema-instance" xsi:noNamespaceSchemaLocation="vn_schema-3.xsd">
    <MEMBERS/>
    <THEMROLES>
        <THEMROLE type="Actor">
            <SELRESTRS>
                <SELRESTR Value="+" type="animate"/>
            </SELRESTRS>
        </THEMROLE>
        <THEMROLE type="Actor1">
            <SELRESTRS>
                <SELRESTR Value="+" type="animate"/>
            </SELRESTRS>
        </THEMROLE>
        <THEMROLE type="Actor2">
            <SELRESTRS>
                <SELRESTR Value="+" type="animate"/>
            </SELRESTRS>
        </THEMROLE>
    </THEMROLES>
    <FRAMES/>
    <SUBCLASSES>
        <VNSUBCLASS ID="meet-36.3-1">
            <MEMBERS>
                <MEMBER name="consult" wn="consult%2:32:01 consult%2:32:02 consult%2:32:05"/>
                <MEMBER name="deliberate" wn=""/>
                <MEMBER name="meet" wn="meet%2:38:01 meet%2:41:01 meet%2:41:03 meet%2:41:00"/>
                <MEMBER name="play" wn="play%2:41:03 play%2:33:02"/>
                <MEMBER name="remonstrate" wn=""/>
                <MEMBER name="reunite" wn=""/>
                <MEMBER name="visit" wn="visit%2:41:00 visit%2:38:01 visit%2:32:00"/>
            </MEMBERS>
            <THEMROLES/>
            <FRAMES>
                <FRAME>
                    <DESCRIPTION descriptionNumber="" primary="PP" secondary="with-PP" xtag=""/>
                    <EXAMPLES>
                        <EXAMPLE>Brenda met with Molly.</EXAMPLE>
                    </EXAMPLES>
                    <SYNTAX>
                        <NP value="Actor1">
                            <SYNRESTRS/>
                        </NP>
                        <VERB/>
                        <PREP value="with">
                            <SELRESTRS/>
                        </PREP>
                        <NP value="Actor2">
                            <SYNRESTRS/>
                        </NP>
                    </SYNTAX>
                    <SEMANTICS>
                        <PRED value="social_interaction">
                            <ARGS>
                                <ARG type="Event" value="during(E)"/>
                                <ARG type="ThemRole" value="Actor1"/>
                                <ARG type="ThemRole" value="Actor2"/>
                            </ARGS>
                        </PRED>
                    </SEMANTICS>
                </FRAME>
                <FRAME>
                    <DESCRIPTION descriptionNumber="" primary="Simple Reciprocal Intransitive" secondary="" xtag=""/>
                    <EXAMPLES>
                        <EXAMPLE>Brenda and Molly met.</EXAMPLE>
                    </EXAMPLES>
                    <SYNTAX>
                        <NP value="Actor1">
                            <SYNRESTRS/>
                        </NP>
                        <LEX value="and"/>
                        <NP value="Actor2">
                            <SYNRESTRS/>
                        </NP>
                        <VERB/>
                    </SYNTAX>
                    <SEMANTICS>
                        <PRED value="social_interaction">
                            <ARGS>
                                <ARG type="Event" value="during(E)"/>
                                <ARG type="ThemRole" value="Actor1"/>
                                <ARG type="ThemRole" value="Actor2"/>
                            </ARGS>
                        </PRED>
                    </SEMANTICS>
                </FRAME>
                <FRAME>
                    <DESCRIPTION descriptionNumber="" primary="With Preposition Drop" secondary="" xtag=""/>
                    <EXAMPLES>
                        <EXAMPLE>Anne met Cathy.</EXAMPLE>
                    </EXAMPLES>
                    <SYNTAX>
                        <NP value="Actor1">
                            <SYNRESTRS/>
                        </NP>
                        <VERB/>
                        <NP value="Actor2">
                            <SYNRESTRS/>
                        </NP>
                    </SYNTAX>
                    <SEMANTICS>
                        <PRED value="social_interaction">
                            <ARGS>
                                <ARG type="Event" value="during(E)"/>
                                <ARG type="ThemRole" value="Actor1"/>
                                <ARG type="ThemRole" value="Actor2"/>
                            </ARGS>
                        </PRED>
                    </SEMANTICS>
                </FRAME>
                <FRAME>
                    <DESCRIPTION descriptionNumber="" primary="Intransitive" secondary="Plural Subject" xtag=""/>
                    <EXAMPLES>
                        <EXAMPLE>The committee met.</EXAMPLE>
                    </EXAMPLES>
                    <SYNTAX>
                        <NP value="Actor">
                            <SYNRESTRS>
                                <SYNRESTR Value="+" type="plural"/>
                            </SYNRESTRS>
                        </NP>
                        <VERB/>
                    </SYNTAX>
                    <SEMANTICS>
                        <PRED value="social_interaction">
                            <ARGS>
                                <ARG type="Event" value="during(E)"/>
                                <ARG type="ThemRole" value="Actor_i"/>
                                <ARG type="ThemRole" value="Actor_j"/>
                            </ARGS>
                        </PRED>
                    </SEMANTICS>
                </FRAME>
            </FRAMES>
            <SUBCLASSES/>
        </VNSUBCLASS>
        <VNSUBCLASS ID="meet-36.3-2">
            <MEMBERS>
                <MEMBER name="battle" wn="battle%2:33:00"/>
                <MEMBER name="box" wn="box%2:35:01"/>
                <MEMBER name="debate" wn="debate%2:31:00 debate%2:32:01"/>
                <MEMBER name="fight" wn="fight%2:33:00"/>
            </MEMBERS>
            <THEMROLES/>
            <FRAMES>
                <FRAME>
                    <DESCRIPTION descriptionNumber="" primary="PP" secondary="with-PP" xtag=""/>
                    <EXAMPLES>
                        <EXAMPLE>Brenda fought with Molly.</EXAMPLE>
                    </EXAMPLES>
                    <SYNTAX>
                        <NP value="Actor1">
                            <SYNRESTRS/>
                        </NP>
                        <VERB/>
                        <PREP value="with">
                            <SELRESTRS/>
                        </PREP>
                        <NP value="Actor2">
                            <SYNRESTRS/>
                        </NP>
                    </SYNTAX>
                    <SEMANTICS>
                        <PRED value="social_interaction">
                            <ARGS>
                                <ARG type="Event" value="during(E)"/>
                                <ARG type="ThemRole" value="Actor1"/>
                                <ARG type="ThemRole" value="Actor2"/>
                            </ARGS>
                        </PRED>
                        <PRED value="conflict">
                            <ARGS>
                                <ARG type="Event" value="during(E)"/>
                                <ARG type="ThemRole" value="Actor1"/>
                                <ARG type="ThemRole" value="Actor2"/>
                            </ARGS>
                        </PRED>
                    </SEMANTICS>
                </FRAME>
                <FRAME>
                    <DESCRIPTION descriptionNumber="" primary="Simple Reciprocal Intransitive" secondary="" xtag=""/>
                    <EXAMPLES>
                        <EXAMPLE>Brenda and Molly fought.</EXAMPLE>
                    </EXAMPLES>
                    <SYNTAX>
                        <NP value="Actor1">
                            <SYNRESTRS/>
                        </NP>
                        <LEX value="and"/>
                        <NP value="Actor2">
                            <SYNRESTRS/>
                        </NP>
                        <VERB/>
                    </SYNTAX>
                    <SEMANTICS>
                        <PRED value="social_interaction">
                            <ARGS>
                                <ARG type="Event" value="during(E)"/>
                                <ARG type="ThemRole" value="Actor1"/>
                                <ARG type="ThemRole" value="Actor2"/>
                            </ARGS>
                        </PRED>
                        <PRED value="conflict">
                            <ARGS>
                                <ARG type="Event" value="during(E)"/>
                                <ARG type="ThemRole" value="Actor1"/>
                                <ARG type="ThemRole" value="Actor2"/>
                            </ARGS>
                        </PRED>
                    </SEMANTICS>
                </FRAME>
                <FRAME>
                    <DESCRIPTION descriptionNumber="" primary="With Preposition Drop Alternation" secondary="" xtag=""/>
                    <EXAMPLES>
                        <EXAMPLE>Anne fought Cathy.</EXAMPLE>
                    </EXAMPLES>
                    <SYNTAX>
                        <NP value="Actor1">
                            <SYNRESTRS/>
                        </NP>
                        <VERB/>
                        <NP value="Actor2">
                            <SYNRESTRS/>
                        </NP>
                    </SYNTAX>
                    <SEMANTICS>
                        <PRED value="social_interaction">
                            <ARGS>
                                <ARG type="Event" value="during(E)"/>
                                <ARG type="ThemRole" value="Actor1"/>
                                <ARG type="ThemRole" value="Actor2"/>
                            </ARGS>
                        </PRED>
                        <PRED value="conflict">
                            <ARGS>
                                <ARG type="Event" value="during(E)"/>
                                <ARG type="ThemRole" value="Actor1"/>
                                <ARG type="ThemRole" value="Actor2"/>
                            </ARGS>
                        </PRED>
                    </SEMANTICS>
                </FRAME>
                <FRAME>
                    <DESCRIPTION descriptionNumber="" primary="Intransitive" secondary="Plural Subject" xtag=""/>
                    <EXAMPLES>
                        <EXAMPLE>The populace fought.</EXAMPLE>
                    </EXAMPLES>
                    <SYNTAX>
                        <NP value="Actor">
                            <SYNRESTRS>
                                <SYNRESTR Value="+" type="plural"/>
                            </SYNRESTRS>
                        </NP>
                        <VERB/>
                    </SYNTAX>
                    <SEMANTICS>
                        <PRED value="social_interaction">
                            <ARGS>
                                <ARG type="Event" value="during(E)"/>
                                <ARG type="ThemRole" value="Actor_i"/>
                                <ARG type="ThemRole" value="Actor_j"/>
                            </ARGS>
                        </PRED>
                        <PRED value="conflict">
                            <ARGS>
                                <ARG type="Event" value="during(E)"/>
                                <ARG type="ThemRole" value="Actor_i"/>
                                <ARG type="ThemRole" value="Actor_j"/>
                            </ARGS>
                        </PRED>
                    </SEMANTICS>
                </FRAME>
            </FRAMES>
            <SUBCLASSES/>
        </VNSUBCLASS>
    </SUBCLASSES>
</VNCLASS>
