<?xml version="1.0" encoding="UTF-8"?>
<!DOCTYPE VNCLASS SYSTEM "vn_class-3.dtd">
<VNCLASS ID="remove-10.1" xmlns:xsi="http://www.w3.org/2001/XMLSchema-instance" xsi:noNamespaceSchemaLocation="vn_schema-3.xsd">
    <MEMBERS>
        <MEMBER name="abolish" wn=""/>
        <MEMBER name="abstract" wn="abstract%2:40:00"/>
        <MEMBER name="cull" wn="cull%2:40:00 cull%2:35:00"/>
        <MEMBER name="deduct" wn=""/>
        <MEMBER name="delete" wn="delete%2:35:00 delete%2:32:00"/>
        <MEMBER name="depose" wn=""/>
        <MEMBER name="disgorge" wn="disgorge%2:35:00"/>
        <MEMBER name="dislodge" wn="dislodge%2:35:00 dislodge%2:35:01"/>
        <MEMBER name="disengage" wn="disengage%2:35:00"/>
        <MEMBER name="draw" wn="draw%2:38:01 draw%2:38:00 draw%2:31:13 draw%2:40:01 draw%2:33:01 draw%2:38:07"/>
        <MEMBER name="eject" wn="eject%2:35:01"/>
        <MEMBER name="eliminate" wn="eliminate%2:30:01 eliminate%2:42:01 eliminate%2:31:00 eliminate%2:29:00"/>
        <MEMBER name="eradicate" wn="eradicate%2:30:00 eradicate%2:36:00"/>
        <MEMBER name="excise" wn="excise%2:35:00 excise%2:30:02"/>
        <MEMBER name="excommunicate" wn="excommunicate%2:32:00"/>
        <MEMBER name="expel" wn="expel%2:41:00 expel%2:41:01"/>
        <MEMBER name="extirpate" wn="extirpate%2:35:00"/>
        <MEMBER name="extract" wn="extract%2:35:04 extract%2:40:00 extract%2:30:00 extract%2:35:07 extract%2:35:05 extract%2:31:00"/>
        <MEMBER name="extrude" wn="extrude%2:36:00"/>
        <MEMBER name="lop" wn="lop%2:35:01 lop%2:35:00"/>
        <MEMBER name="omit" wn="omit%2:31:01"/>
        <MEMBER name="ostracize" wn="ostracize%2:41:01"/>
        <MEMBER name="partition" wn="partition%2:35:00 partition%2:30:00"/>
        <MEMBER name="pry" wn="pry%2:35:00"/>
        <MEMBER name="reap" wn="reap%2:35:00 reap%2:40:00"/>
        <MEMBER name="retract" wn=""/>
        <MEMBER name="separate" wn="separate%2:42:00 separate%2:35:01 separate%2:35:02"/>
        <MEMBER name="shoo" wn="shoo%2:38:00"/>
        <MEMBER name="subtract" wn="subtract%2:31:00"/>
        <MEMBER name="uproot" wn="uproot%2:35:00"/>
        <MEMBER name="winkle" wn="winkle%2:35:00"/>
        <MEMBER name="wrench" wn="wrench%2:35:00"/>
        <MEMBER name="withdraw" wn="withdraw%2:40:01 withdraw%2:30:01 withdraw%2:40:00"/>
        <MEMBER name="oust" wn="oust%2:41:00"/>
        <MEMBER name="discharge" wn="discharge%2:35:00 discharge%2:29:00 discharge%2:35:06"/>
        <MEMBER name="dismiss" wn="dismiss%2:41:00"/>
        <MEMBER name="evict" wn="evict%2:35:00"/>
        <MEMBER name="remove" wn="remove%2:30:00 remove%2:41:00 remove%2:41:02"/>
        <MEMBER name="sever" wn="sever%2:35:00"/>
    </MEMBERS>
    <THEMROLES>
        <THEMROLE type="Agent">
            <SELRESTRS logic="or">
                <SELRESTR Value="+" type="int_control"/>
                <SELRESTR Value="+" type="organization"/>
            </SELRESTRS>
        </THEMROLE>
        <THEMROLE type="Theme">
            <SELRESTRS/>
        </THEMROLE>
        <THEMROLE type="Source">
            <SELRESTRS>
                <SELRESTR Value="+" type="location"/>
            </SELRESTRS>
        </THEMROLE>
    </THEMROLES>
    <FRAMES>
        <FRAME>
            <DESCRIPTION descriptionNumber="0.2" primary="Basic Transitive" secondary="" xtag="0.2"/>
            <EXAMPLES>
                <EXAMPLE>Doug removed the smudges.</EXAMPLE>
            </EXAMPLES>
            <SYNTAX>
                <NP value="Agent">
                    <SYNRESTRS/>
                </NP>
                <VERB/>
                <NP value="Theme">
                    <SYNRESTRS/>
                </NP>
            </SYNTAX>
            <SEMANTICS>
                <PRED value="cause">
                    <ARGS>
                        <ARG type="ThemRole" value="Agent"/>
                        <ARG type="Event" value="E"/>
                    </ARGS>
                </PRED>
                <PRED value="location">
                    <ARGS>
                        <ARG type="Event" value="start(E)"/>
                        <ARG type="ThemRole" value="Theme"/>
                        <ARG type="ThemRole" value="?Source"/>
                    </ARGS>
                </PRED>
                <PRED bool="!" value="location">
                    <ARGS>
                        <ARG type="Event" value="end(E)"/>
                        <ARG type="ThemRole" value="Theme"/>
                        <ARG type="ThemRole" value="?Source"/>
                    </ARGS>
                </PRED>
            </SEMANTICS>
        </FRAME>
        <FRAME>
            <DESCRIPTION descriptionNumber="0.2" primary="NP-PP" secondary="Source-PP" xtag=""/>
            <EXAMPLES>
                <EXAMPLE>Doug removed the smudges from the tabletop.</EXAMPLE>
            </EXAMPLES>
            <SYNTAX>
                <NP value="Agent">
                    <SYNRESTRS/>
                </NP>
                <VERB/>
                <NP value="Theme">
                    <SYNRESTRS/>
                </NP>
                <PREP>
                    <SELRESTRS>
                        <SELRESTR Value="+" type="src"/>
                    </SELRESTRS>
                </PREP>
                <NP value="Source">
                    <SYNRESTRS/>
                </NP>
            </SYNTAX>
            <SEMANTICS>
                <PRED value="cause">
                    <ARGS>
                        <ARG type="ThemRole" value="Agent"/>
                        <ARG type="Event" value="E"/>
                    </ARGS>
                </PRED>
                <PRED value="location">
                    <ARGS>
                        <ARG type="Event" value="start(E)"/>
                        <ARG type="ThemRole" value="Theme"/>
                        <ARG type="ThemRole" value="Source"/>
                    </ARGS>
                </PRED>
                <PRED bool="!" value="location">
                    <ARGS>
                        <ARG type="Event" value="end(E)"/>
                        <ARG type="ThemRole" value="Theme"/>
                        <ARG type="ThemRole" value="Source"/>
                    </ARGS>
                </PRED>
            </SEMANTICS>
        </FRAME>
    </FRAMES>
    <SUBCLASSES/>
</VNCLASS>
