<?xml version="1.0" encoding="UTF-8"?>
<!DOCTYPE VNCLASS SYSTEM "vn_class-3.dtd">
<VNCLASS ID="rummage-35.5" xmlns:xsi="http://www.w3.org/2001/XMLSchema-instance" xsi:noNamespaceSchemaLocation="vn_schema-3.xsd">
    <MEMBERS>
        <MEMBER name="bore" wn="bore%2:35:00"/>
        <MEMBER name="burrow" wn="burrow%2:38:00"/>
        <MEMBER name="delve" wn="delve%2:35:00"/>
        <MEMBER name="forage" wn="forage%2:40:00"/>
        <MEMBER name="fumble" wn="fumble%2:35:00"/>
        <MEMBER name="grope" wn="grope%2:35:01"/>
        <MEMBER name="leaf" wn="leaf%2:39:10"/>
        <MEMBER name="listen" wn="listen%2:39:01 listen%2:41:11"/>
        <MEMBER name="look" wn="look%2:39:02"/>
        <MEMBER name="page" wn=""/>
        <MEMBER name="poke" wn="poke%2:39:00"/>
        <MEMBER name="rifle" wn="rifle%2:35:13"/>
        <MEMBER name="root" wn="root%2:35:00"/>
        <MEMBER name="rummage" wn="rummage%2:35:00"/>
        <MEMBER name="scrabble" wn="scrabble%2:35:13"/>
        <MEMBER name="scratch" wn=""/>
        <MEMBER name="snoop" wn="snoop%2:32:00"/>
        <MEMBER name="thumb" wn="thumb%2:39:10"/>
        <MEMBER name="tunnel" wn="tunnel%2:38:00"/>
        <MEMBER name="paw" wn="paw%2:35:00"/>
    </MEMBERS>
    <THEMROLES>
        <THEMROLE type="Agent">
            <SELRESTRS>
                <SELRESTR Value="+" type="animate"/>
            </SELRESTRS>
        </THEMROLE>
        <THEMROLE type="Location">
            <SELRESTRS/>
        </THEMROLE>
        <THEMROLE type="Theme">
            <SELRESTRS/>
        </THEMROLE>
    </THEMROLES>
    <FRAMES>
        <FRAME>
            <DESCRIPTION descriptionNumber="0.2" primary="NP-PP" secondary="Theme-PP" xtag=""/>
            <EXAMPLES>
                <EXAMPLE>We rummaged the drawer for important documents.</EXAMPLE>
            </EXAMPLES>
            <SYNTAX>
                <NP value="Agent">
                    <SYNRESTRS/>
                </NP>
                <VERB/>
                <NP value="Location">
                    <SYNRESTRS/>
                </NP>
                <PREP value="for">
                    <SELRESTRS/>
                </PREP>
                <NP value="Theme">
                    <SYNRESTRS/>
                </NP>
            </SYNTAX>
            <SEMANTICS>
                <PRED value="search">
                    <ARGS>
                        <ARG type="Event" value="during(E)"/>
                        <ARG type="ThemRole" value="Agent"/>
                        <ARG type="ThemRole" value="Location"/>
                        <ARG type="ThemRole" value="Theme"/>
                    </ARGS>
                </PRED>
            </SEMANTICS>
        </FRAME>
        <FRAME>
            <DESCRIPTION descriptionNumber="" primary="PP" secondary="Location-PP" xtag=""/>
            <EXAMPLES>
                <EXAMPLE>He pawed over the documents.</EXAMPLE>
            </EXAMPLES>
            <SYNTAX>
                <NP value="Agent">
                    <SYNRESTRS/>
                </NP>
                <VERB/>
                <PREP value="over through into">
                    <SELRESTRS/>
                </PREP>
                <NP value="Location">
                    <SYNRESTRS/>
                </NP>
            </SYNTAX>
            <SEMANTICS>
                <PRED value="search">
                    <ARGS>
                        <ARG type="Event" value="during(E)"/>
                        <ARG type="ThemRole" value="Agent"/>
                        <ARG type="ThemRole" value="Location"/>
                        <ARG type="ThemRole" value="?Theme"/>
                    </ARGS>
                </PRED>
            </SEMANTICS>
        </FRAME>
        <FRAME>
            <DESCRIPTION descriptionNumber="" primary="PP-PP" secondary="Location-PP Theme-PP" xtag=""/>
            <EXAMPLES>
                <EXAMPLE>He rummaged through the door for the ball.</EXAMPLE>
            </EXAMPLES>
            <SYNTAX>
                <NP value="Agent">
                    <SYNRESTRS/>
                </NP>
                <VERB/>
                <PREP>
                    <SELRESTRS>
                        <SELRESTR Value="+" type="loc"/>
                    </SELRESTRS>
                </PREP>
                <NP value="Location">
                    <SYNRESTRS/>
                </NP>
                <PREP value="for">
                    <SELRESTRS/>
                </PREP>
                <NP value="Theme">
                    <SYNRESTRS/>
                </NP>
            </SYNTAX>
            <SEMANTICS>
                <PRED value="search">
                    <ARGS>
                        <ARG type="Event" value="during(E)"/>
                        <ARG type="ThemRole" value="Agent"/>
                        <ARG type="ThemRole" value="Location"/>
                        <ARG type="ThemRole" value="Theme"/>
                    </ARGS>
                </PRED>
            </SEMANTICS>
        </FRAME>
    </FRAMES>
    <SUBCLASSES/>
</VNCLASS>
