<?xml version="1.0" encoding="UTF-8"?>
<!DOCTYPE VNCLASS SYSTEM "vn_class-3.dtd">
<VNCLASS ID="say-37.7" xmlns:xsi="http://www.w3.org/2001/XMLSchema-instance" xsi:noNamespaceSchemaLocation="vn_schema-3.xsd">
    <MEMBERS>
        <MEMBER name="disclose" wn=""/>
        <MEMBER name="exclaim" wn=""/>
        <MEMBER name="insinuate" wn=""/>
        <MEMBER name="insist" wn=""/>
        <MEMBER name="intimate" wn=""/>
        <MEMBER name="reply" wn=""/>
        <MEMBER name="respond" wn=""/>
        <MEMBER name="retort" wn=""/>
        <MEMBER name="promulgate" wn=""/>
        <MEMBER name="utter" wn=""/>
        <MEMBER name="voice" wn=""/>
    </MEMBERS>
    <THEMROLES>
        <THEMROLE type="Agent">
            <SELRESTRS logic="or">
                <SELRESTR Value="+" type="animate"/>
                <SELRESTR Value="+" type="organization"/>
            </SELRESTRS>
        </THEMROLE>
        <THEMROLE type="Topic">
            <SELRESTRS>
                <SELRESTR Value="+" type="communication"/>
            </SELRESTRS>
        </THEMROLE>
        <THEMROLE type="Recipient">
            <SELRESTRS logic="or">
                <SELRESTR Value="+" type="animate"/>
                <SELRESTR Value="+" type="organization"/>
            </SELRESTRS>
        </THEMROLE>
    </THEMROLES>
    <FRAMES>
        <FRAME>
            <DESCRIPTION descriptionNumber="0.2" primary="Basic Transitive" secondary="Topic Object" xtag="0.2"/>
            <EXAMPLES>
                <EXAMPLE>Ellen said a few words.</EXAMPLE>
            </EXAMPLES>
            <SYNTAX>
                <NP value="Agent">
                    <SYNRESTRS/>
                </NP>
                <VERB/>
                <NP value="Topic">
                    <SYNRESTRS/>
                </NP>
            </SYNTAX>
            <SEMANTICS>
                <PRED value="transfer_info">
                    <ARGS>
                        <ARG type="Event" value="during(E)"/>
                        <ARG type="ThemRole" value="Agent"/>
                        <ARG type="ThemRole" value="?Recipient"/>
                        <ARG type="ThemRole" value="Topic"/>
                    </ARGS>
                </PRED>
                <PRED value="cause">
                    <ARGS>
                        <ARG type="ThemRole" value="Agent"/>
                        <ARG type="Event" value="E"/>
                    </ARGS>
                </PRED>
            </SEMANTICS>
        </FRAME>
        <FRAME>
            <DESCRIPTION descriptionNumber="0.2" primary="NP-PP" secondary="to-PP" xtag=""/>
            <EXAMPLES>
                <EXAMPLE>Ellen said a few words to Helen.</EXAMPLE>
            </EXAMPLES>
            <SYNTAX>
                <NP value="Agent">
                    <SYNRESTRS/>
                </NP>
                <VERB/>
                <NP value="Topic">
                    <SYNRESTRS/>
                </NP>
                <PREP value="to">
                    <SELRESTRS/>
                </PREP>
                <NP value="Recipient">
                    <SYNRESTRS/>
                </NP>
            </SYNTAX>
            <SEMANTICS>
                <PRED value="transfer_info">
                    <ARGS>
                        <ARG type="Event" value="during(E)"/>
                        <ARG type="ThemRole" value="Agent"/>
                        <ARG type="ThemRole" value="Recipient"/>
                        <ARG type="ThemRole" value="Topic"/>
                    </ARGS>
                </PRED>
                <PRED value="cause">
                    <ARGS>
                        <ARG type="ThemRole" value="Agent"/>
                        <ARG type="Event" value="E"/>
                    </ARGS>
                </PRED>
            </SEMANTICS>
        </FRAME>
        <FRAME>
            <DESCRIPTION descriptionNumber="" primary="PP-S" secondary="to-PP" xtag=""/>
            <EXAMPLES>
                <EXAMPLE>Mr. Jacobson announced to the trading mob: 'We're going to trade on the bell.'</EXAMPLE>
            </EXAMPLES>
            <SYNTAX>
                <NP value="Agent">
                    <SYNRESTRS/>
                </NP>
                <VERB/>
                <PREP value="to">
                    <SELRESTRS/>
                </PREP>
                <NP value="Recipient">
                    <SYNRESTRS/>
                </NP>
                <NP value="Topic">
                    <SYNRESTRS>
                        <SYNRESTR Value="+" type="quotation"/>
                    </SYNRESTRS>
                </NP>
            </SYNTAX>
            <SEMANTICS>
                <PRED value="transfer_info">
                    <ARGS>
                        <ARG type="Event" value="during(E)"/>
                        <ARG type="ThemRole" value="Agent"/>
                        <ARG type="ThemRole" value="Recipient"/>
                        <ARG type="ThemRole" value="Topic"/>
                    </ARGS>
                </PRED>
                <PRED value="cause">
                    <ARGS>
                        <ARG type="ThemRole" value="Agent"/>
                        <ARG type="Event" value="E"/>
                    </ARGS>
                </PRED>
            </SEMANTICS>
        </FRAME>
        <FRAME>
            <DESCRIPTION descriptionNumber="" primary="QUOT" secondary="" xtag=""/>
            <EXAMPLES>
                <EXAMPLE>He says, 'It has to go.'</EXAMPLE>
            </EXAMPLES>
            <SYNTAX>
                <NP value="Agent">
                    <SYNRESTRS/>
                </NP>
                <VERB/>
                <NP value="Topic">
                    <SYNRESTRS>
                        <SYNRESTR Value="+" type="quotation"/>
                    </SYNRESTRS>
                </NP>
            </SYNTAX>
            <SEMANTICS>
                <PRED value="transfer_info">
                    <ARGS>
                        <ARG type="Event" value="during(E)"/>
                        <ARG type="ThemRole" value="Agent"/>
                        <ARG type="ThemRole" value="?Recipient"/>
                        <ARG type="ThemRole" value="Topic"/>
                    </ARGS>
                </PRED>
                <PRED value="cause">
                    <ARGS>
                        <ARG type="ThemRole" value="Agent"/>
                        <ARG type="Event" value="E"/>
                    </ARGS>
                </PRED>
            </SEMANTICS>
        </FRAME>
        <FRAME>
            <DESCRIPTION descriptionNumber="8.1" primary="HOW-S" secondary="" xtag="0.2"/>
            <EXAMPLES>
                <EXAMPLE>John suggested how she could do it.</EXAMPLE>
            </EXAMPLES>
            <SYNTAX>
                <NP value="Agent">
                    <SYNRESTRS/>
                </NP>
                <VERB/>
                <NP value="Topic">
                    <SYNRESTRS>
                        <SYNRESTR Value="+" type="how_extract"/>
                    </SYNRESTRS>
                </NP>
            </SYNTAX>
            <SEMANTICS>
                <PRED value="transfer_info">
                    <ARGS>
                        <ARG type="Event" value="during(E)"/>
                        <ARG type="ThemRole" value="Agent"/>
                        <ARG type="ThemRole" value="?Recipient"/>
                        <ARG type="ThemRole" value="Topic"/>
                    </ARGS>
                </PRED>
                <PRED value="cause">
                    <ARGS>
                        <ARG type="ThemRole" value="Agent"/>
                        <ARG type="Event" value="E"/>
                    </ARGS>
                </PRED>
            </SEMANTICS>
        </FRAME>
        <FRAME>
            <DESCRIPTION descriptionNumber="8.1" primary="HOW-TO-INF" secondary="" xtag="0.2"/>
            <EXAMPLES>
                <EXAMPLE>John suggested how to do it.</EXAMPLE>
            </EXAMPLES>
            <SYNTAX>
                <NP value="Agent">
                    <SYNRESTRS/>
                </NP>
                <VERB/>
                <NP value="Topic">
                    <SYNRESTRS>
                        <SYNRESTR Value="+" type="wh_inf"/>
                    </SYNRESTRS>
                </NP>
            </SYNTAX>
            <SEMANTICS>
                <PRED value="transfer_info">
                    <ARGS>
                        <ARG type="Event" value="during(E)"/>
                        <ARG type="ThemRole" value="Agent"/>
                        <ARG type="ThemRole" value="?Recipient"/>
                        <ARG type="ThemRole" value="Topic"/>
                    </ARGS>
                </PRED>
                <PRED value="cause">
                    <ARGS>
                        <ARG type="ThemRole" value="Agent"/>
                        <ARG type="Event" value="E"/>
                    </ARGS>
                </PRED>
            </SEMANTICS>
        </FRAME>
        <FRAME>
            <DESCRIPTION descriptionNumber="8.1" primary="WHAT-TO-INF" secondary="" xtag="0.2"/>
            <EXAMPLES>
                <EXAMPLE>John suggested what to do.</EXAMPLE>
            </EXAMPLES>
            <SYNTAX>
                <NP value="Agent">
                    <SYNRESTRS/>
                </NP>
                <VERB/>
                <NP value="Topic">
                    <SYNRESTRS>
                        <SYNRESTR Value="+" type="what_inf"/>
                    </SYNRESTRS>
                </NP>
            </SYNTAX>
            <SEMANTICS>
                <PRED value="transfer_info">
                    <ARGS>
                        <ARG type="Event" value="during(E)"/>
                        <ARG type="ThemRole" value="Agent"/>
                        <ARG type="ThemRole" value="?Recipient"/>
                        <ARG type="ThemRole" value="Topic"/>
                    </ARGS>
                </PRED>
                <PRED value="cause">
                    <ARGS>
                        <ARG type="ThemRole" value="Agent"/>
                        <ARG type="Event" value="E"/>
                    </ARGS>
                </PRED>
            </SEMANTICS>
        </FRAME>
        <FRAME>
            <DESCRIPTION descriptionNumber="8.1" primary="WHAT-S" secondary="" xtag="0.2"/>
            <EXAMPLES>
                <EXAMPLE>John suggested what we should eat.</EXAMPLE>
            </EXAMPLES>
            <SYNTAX>
                <NP value="Agent">
                    <SYNRESTRS/>
                </NP>
                <VERB/>
                <NP value="Topic">
                    <SYNRESTRS>
                        <SYNRESTR Value="+" type="what_extract"/>
                    </SYNRESTRS>
                </NP>
            </SYNTAX>
            <SEMANTICS>
                <PRED value="transfer_info">
                    <ARGS>
                        <ARG type="Event" value="during(E)"/>
                        <ARG type="ThemRole" value="Agent"/>
                        <ARG type="ThemRole" value="?Recipient"/>
                        <ARG type="ThemRole" value="Topic"/>
                    </ARGS>
                </PRED>
                <PRED value="cause">
                    <ARGS>
                        <ARG type="ThemRole" value="Agent"/>
                        <ARG type="Event" value="E"/>
                    </ARGS>
                </PRED>
            </SEMANTICS>
        </FRAME>
    </FRAMES>
    <SUBCLASSES>
        <VNSUBCLASS ID="say-37.7-1">
            <MEMBERS>
                <MEMBER name="announce" wn="announce%2:32:00 announce%2:32:07"/>
                <MEMBER name="articulate" wn="articulate%2:32:02 articulate%2:32:01"/>
                <MEMBER name="blab" wn="blab%2:32:00"/>
                <MEMBER name="blurt" wn="blurt%2:32:00"/>
                <MEMBER name="claim" wn="claim%2:32:00"/>
                <MEMBER name="confess" wn="confess%2:32:01"/>
                <MEMBER name="confide" wn="confide%2:32:00"/>
                <MEMBER name="convey" wn="convey%2:32:00"/>
                <MEMBER name="declare" wn="declare%2:32:00 declare%2:32:01"/>
                <MEMBER name="mention" wn="mention%2:32:02 mention%2:32:00"/>
                <MEMBER name="observe" wn="observe%2:32:00"/>
                <MEMBER name="proclaim" wn="proclaim%2:32:00"/>
                <MEMBER name="propose" wn="?propose%2:32:00"/>
                <MEMBER name="recount" wn="recount%2:32:00"/>
                <MEMBER name="reiterate" wn="reiterate%2:32:00"/>
                <MEMBER name="relate" wn="relate%2:32:00"/>
                <MEMBER name="reveal" wn="reveal%2:32:00"/>
                <MEMBER name="say" wn="say%2:32:00 say%2:32:01 say%2:32:15 say%2:32:04"/>
                <MEMBER name="state" wn="state%2:32:00"/>
                <MEMBER name="advise" wn=""/>
                <MEMBER name="repeat" wn="repeat%2:32:00 repeat%2:32:01"/>
                <MEMBER name="remark" wn="remark%2:32:00 remark%2:32:01"/>
                <MEMBER name="note" wn="note%2:32:00"/>
                <MEMBER name="report" wn="report%2:32:00 report%2:32:04"/>
            </MEMBERS>
            <THEMROLES/>
            <FRAMES>
                <FRAME>
                    <DESCRIPTION descriptionNumber="8.1" primary="S" secondary="" xtag="0.1"/>
                    <EXAMPLES>
                        <EXAMPLE>He ordered that he go.</EXAMPLE>
                    </EXAMPLES>
                    <SYNTAX>
                        <NP value="Agent">
                            <SYNRESTRS/>
                        </NP>
                        <VERB/>
                        <NP value="Topic">
                            <SYNRESTRS>
                                <SYNRESTR Value="+" type="that_comp"/>
                            </SYNRESTRS>
                        </NP>
                    </SYNTAX>
                    <SEMANTICS>
                        <PRED value="transfer_info">
                            <ARGS>
                                <ARG type="Event" value="during(E)"/>
                                <ARG type="ThemRole" value="Agent"/>
                                <ARG type="ThemRole" value="?Recipient"/>
                                <ARG type="ThemRole" value="Topic"/>
                            </ARGS>
                        </PRED>
                        <PRED value="cause">
                            <ARGS>
                                <ARG type="ThemRole" value="Agent"/>
                                <ARG type="Event" value="E"/>
                            </ARGS>
                        </PRED>
                    </SEMANTICS>
                </FRAME>
                <FRAME>
                    <DESCRIPTION descriptionNumber="8.1" primary="S-SUBJUNCT" secondary="" xtag="0.1"/>
                    <EXAMPLES>
                        <EXAMPLE>John suggested that he should go.</EXAMPLE>
                    </EXAMPLES>
                    <SYNTAX>
                        <NP value="Agent">
                            <SYNRESTRS/>
                        </NP>
                        <VERB/>
                        <NP value="Topic">
                            <SYNRESTRS>
                                <SYNRESTR Value="+" type="that_comp"/>
                                <SYNRESTR Value="-" type="tensed_that"/>
                            </SYNRESTRS>
                        </NP>
                    </SYNTAX>
                    <SEMANTICS>
                        <PRED value="transfer_info">
                            <ARGS>
                                <ARG type="Event" value="during(E)"/>
                                <ARG type="ThemRole" value="Agent"/>
                                <ARG type="ThemRole" value="?Recipient"/>
                                <ARG type="ThemRole" value="Topic"/>
                            </ARGS>
                        </PRED>
                        <PRED value="cause">
                            <ARGS>
                                <ARG type="ThemRole" value="Agent"/>
                                <ARG type="Event" value="E"/>
                            </ARGS>
                        </PRED>
                    </SEMANTICS>
                </FRAME>
            </FRAMES>
            <SUBCLASSES>
                <VNSUBCLASS ID="say-37.7-1-1">
                    <MEMBERS>
                        <MEMBER name="purpose" wn=""/>
                        <MEMBER name="suggest" wn="suggest%2:32:00 suggest%2:32:04"/>
                        <MEMBER name="recommend" wn=""/>
                    </MEMBERS>
                    <THEMROLES/>
                    <FRAMES>
                        <FRAME>
                            <DESCRIPTION descriptionNumber="0.2" primary="NP-PP" secondary="to-PP" xtag="0.1"/>
                            <EXAMPLES>
                                <EXAMPLE>John suggested it other.</EXAMPLE>
                            </EXAMPLES>
                            <SYNTAX>
                                <NP value="Agent">
                                    <SYNRESTRS/>
                                </NP>
                                <VERB/>
                                <NP value="Topic">
                                    <SYNRESTRS>
                                        <SYNRESTR Value="-" type="sentential"/>
                                    </SYNRESTRS>
                                </NP>
                                <PREP value="to">
                                    <SELRESTRS/>
                                </PREP>
                                <NP value="Recipient">
                                    <SYNRESTRS/>
                                </NP>
                            </SYNTAX>
                            <SEMANTICS>
                                <PRED value="transfer_info">
                                    <ARGS>
                                        <ARG type="Event" value="during(E)"/>
                                        <ARG type="ThemRole" value="Agent"/>
                                        <ARG type="ThemRole" value="Recipient"/>
                                        <ARG type="ThemRole" value="Topic"/>
                                    </ARGS>
                                </PRED>
                                <PRED value="cause">
                                    <ARGS>
                                        <ARG type="ThemRole" value="Agent"/>
                                        <ARG type="Event" value="E"/>
                                    </ARGS>
                                </PRED>
                            </SEMANTICS>
                        </FRAME>
                        <FRAME>
                            <DESCRIPTION descriptionNumber="8.1" primary="PP-HOW-S" secondary="to-PP" xtag="0.1"/>
                            <EXAMPLES>
                                <EXAMPLE>John suggested to her how she could do it.</EXAMPLE>
                            </EXAMPLES>
                            <SYNTAX>
                                <NP value="Agent">
                                    <SYNRESTRS/>
                                </NP>
                                <VERB/>
                                <PREP value="to">
                                    <SELRESTRS/>
                                </PREP>
                                <NP value="Recipient">
                                    <SYNRESTRS/>
                                </NP>
                                <NP value="Topic">
                                    <SYNRESTRS>
                                        <SYNRESTR Value="+" type="how_extract"/>
                                    </SYNRESTRS>
                                </NP>
                            </SYNTAX>
                            <SEMANTICS>
                                <PRED value="transfer_info">
                                    <ARGS>
                                        <ARG type="Event" value="during(E)"/>
                                        <ARG type="ThemRole" value="Agent"/>
                                        <ARG type="ThemRole" value="Recipient"/>
                                        <ARG type="ThemRole" value="Topic"/>
                                    </ARGS>
                                </PRED>
                                <PRED value="cause">
                                    <ARGS>
                                        <ARG type="ThemRole" value="Agent"/>
                                        <ARG type="Event" value="E"/>
                                    </ARGS>
                                </PRED>
                            </SEMANTICS>
                        </FRAME>
                        <FRAME>
                            <DESCRIPTION descriptionNumber="8.1" primary="PP-HOW-TO-INF" secondary="to-PP" xtag="0.1"/>
                            <EXAMPLES>
                                <EXAMPLE>John suggested to her how to do it.</EXAMPLE>
                            </EXAMPLES>
                            <SYNTAX>
                                <NP value="Agent">
                                    <SYNRESTRS/>
                                </NP>
                                <VERB/>
                                <PREP value="to">
                                    <SELRESTRS/>
                                </PREP>
                                <NP value="Recipient">
                                    <SYNRESTRS/>
                                </NP>
                                <NP value="Topic">
                                    <SYNRESTRS>
                                        <SYNRESTR Value="+" type="wh_inf"/>
                                    </SYNRESTRS>
                                </NP>
                            </SYNTAX>
                            <SEMANTICS>
                                <PRED value="transfer_info">
                                    <ARGS>
                                        <ARG type="Event" value="during(E)"/>
                                        <ARG type="ThemRole" value="Agent"/>
                                        <ARG type="ThemRole" value="Recipient"/>
                                        <ARG type="ThemRole" value="Topic"/>
                                    </ARGS>
                                </PRED>
                                <PRED value="cause">
                                    <ARGS>
                                        <ARG type="ThemRole" value="Agent"/>
                                        <ARG type="Event" value="E"/>
                                    </ARGS>
                                </PRED>
                            </SEMANTICS>
                        </FRAME>
                        <FRAME>
                            <DESCRIPTION descriptionNumber="8.1" primary="PP-THAT-S" secondary="to-PP" xtag="0.1"/>
                            <EXAMPLES>
                                <EXAMPLE>John suggested to him that he goes.</EXAMPLE>
                            </EXAMPLES>
                            <SYNTAX>
                                <NP value="Agent">
                                    <SYNRESTRS/>
                                </NP>
                                <VERB/>
                                <PREP value="to">
                                    <SELRESTRS/>
                                </PREP>
                                <NP value="Recipient">
                                    <SYNRESTRS/>
                                </NP>
                                <NP value="Topic">
                                    <SYNRESTRS>
                                        <SYNRESTR Value="+" type="that_comp"/>
                                    </SYNRESTRS>
                                </NP>
                            </SYNTAX>
                            <SEMANTICS>
                                <PRED value="transfer_info">
                                    <ARGS>
                                        <ARG type="Event" value="during(E)"/>
                                        <ARG type="ThemRole" value="Agent"/>
                                        <ARG type="ThemRole" value="Recipient"/>
                                        <ARG type="ThemRole" value="Topic"/>
                                    </ARGS>
                                </PRED>
                                <PRED value="cause">
                                    <ARGS>
                                        <ARG type="ThemRole" value="Agent"/>
                                        <ARG type="Event" value="E"/>
                                    </ARGS>
                                </PRED>
                            </SEMANTICS>
                        </FRAME>
                        <FRAME>
                            <DESCRIPTION descriptionNumber="8.1" primary="PP-THAT-S-SUBJUNCT" secondary="to-PP" xtag="0.1"/>
                            <EXAMPLES>
                                <EXAMPLE>John suggested to him that he go.</EXAMPLE>
                            </EXAMPLES>
                            <SYNTAX>
                                <NP value="Agent">
                                    <SYNRESTRS/>
                                </NP>
                                <VERB/>
                                <PREP value="to">
                                    <SELRESTRS/>
                                </PREP>
                                <NP value="Recipient">
                                    <SYNRESTRS/>
                                </NP>
                                <NP value="Topic">
                                    <SYNRESTRS>
                                        <SYNRESTR Value="+" type="that_comp"/>
                                        <SYNRESTR Value="-" type="tensed_that"/>
                                    </SYNRESTRS>
                                </NP>
                            </SYNTAX>
                            <SEMANTICS>
                                <PRED value="transfer_info">
                                    <ARGS>
                                        <ARG type="Event" value="during(E)"/>
                                        <ARG type="ThemRole" value="Agent"/>
                                        <ARG type="ThemRole" value="Recipient"/>
                                        <ARG type="ThemRole" value="Topic"/>
                                    </ARGS>
                                </PRED>
                                <PRED value="cause">
                                    <ARGS>
                                        <ARG type="ThemRole" value="Agent"/>
                                        <ARG type="Event" value="E"/>
                                    </ARGS>
                                </PRED>
                            </SEMANTICS>
                        </FRAME>
                        <FRAME>
                            <DESCRIPTION descriptionNumber="8.1" primary="PP-WHAT-S" secondary="to-PP" xtag="0.1"/>
                            <EXAMPLES>
                                <EXAMPLE>John suggested to her what she could do.</EXAMPLE>
                            </EXAMPLES>
                            <SYNTAX>
                                <NP value="Agent">
                                    <SYNRESTRS/>
                                </NP>
                                <VERB/>
                                <PREP value="to">
                                    <SELRESTRS/>
                                </PREP>
                                <NP value="Recipient">
                                    <SYNRESTRS/>
                                </NP>
                                <NP value="Topic">
                                    <SYNRESTRS>
                                        <SYNRESTR Value="+" type="what_extract"/>
                                    </SYNRESTRS>
                                </NP>
                            </SYNTAX>
                            <SEMANTICS>
                                <PRED value="transfer_info">
                                    <ARGS>
                                        <ARG type="Event" value="during(E)"/>
                                        <ARG type="ThemRole" value="Agent"/>
                                        <ARG type="ThemRole" value="Recipient"/>
                                        <ARG type="ThemRole" value="Topic"/>
                                    </ARGS>
                                </PRED>
                                <PRED value="cause">
                                    <ARGS>
                                        <ARG type="ThemRole" value="Agent"/>
                                        <ARG type="Event" value="E"/>
                                    </ARGS>
                                </PRED>
                            </SEMANTICS>
                        </FRAME>
                        <FRAME>
                            <DESCRIPTION descriptionNumber="8.1" primary="PP-WHAT-TO-INF" secondary="to-PP" xtag="0.1"/>
                            <EXAMPLES>
                                <EXAMPLE>John suggested to her what to do.</EXAMPLE>
                                
                            </EXAMPLES>
                            <SYNTAX>
                                <NP value="Agent">
                                    <SYNRESTRS/>
                                </NP>
                                <VERB/>
                                <PREP value="to">
                                    <SELRESTRS/>
                                </PREP>
                                <NP value="Recipient">
                                    <SYNRESTRS/>
                                </NP>
                                <NP value="Topic">
                                    <SYNRESTRS>
                                        <SYNRESTR Value="+" type="what_inf"/>
                                    </SYNRESTRS>
                                </NP>
                            </SYNTAX>
                            <SEMANTICS>
                                <PRED value="transfer_info">
                                    <ARGS>
                                        <ARG type="Event" value="during(E)"/>
                                        <ARG type="ThemRole" value="Agent"/>
                                        <ARG type="ThemRole" value="Recipient"/>
                                        <ARG type="ThemRole" value="Topic"/>
                                    </ARGS>
                                </PRED>
                                <PRED value="cause">
                                    <ARGS>
                                        <ARG type="ThemRole" value="Agent"/>
                                        <ARG type="Event" value="E"/>
                                    </ARGS>
                                </PRED>
                            </SEMANTICS>
                        </FRAME>
                    </FRAMES>
                    <SUBCLASSES/>
                </VNSUBCLASS>
            </SUBCLASSES>
        </VNSUBCLASS>
        <VNSUBCLASS ID="say-37.7-2">
            <MEMBERS>
                <MEMBER name="hint" wn=""/>
            </MEMBERS>
            <THEMROLES/>
            <FRAMES>
                <FRAME>
                    <DESCRIPTION descriptionNumber="8.1" primary="NP-PP" secondary="to-PP" xtag="0.1"/>
                    <EXAMPLES>
                        <EXAMPLE>He suggested it to her.</EXAMPLE>
                    </EXAMPLES>
                    <SYNTAX>
                        <NP value="Agent">
                            <SYNRESTRS/>
                        </NP>
                        <VERB/>
                        <NP value="Topic">
                            <SYNRESTRS>
                                <SYNRESTR Value="-" type="sentential"/>
                            </SYNRESTRS>
                        </NP>
                        <PREP value="to">
                            <SELRESTRS/>
                        </PREP>
                        <NP value="Recipient">
                            <SYNRESTRS/>
                        </NP>
                    </SYNTAX>
                    <SEMANTICS>
                        <PRED value="transfer_info">
                            <ARGS>
                                <ARG type="Event" value="during(E)"/>
                                <ARG type="ThemRole" value="Agent"/>
                                <ARG type="ThemRole" value="Recipient"/>
                                <ARG type="ThemRole" value="Topic"/>
                            </ARGS>
                        </PRED>
                        <PRED value="cause">
                            <ARGS>
                                <ARG type="ThemRole" value="Agent"/>
                                <ARG type="Event" value="E"/>
                            </ARGS>
                        </PRED>
                    </SEMANTICS>
                </FRAME>
                <FRAME>
                    <DESCRIPTION descriptionNumber="8.1" primary="PP-HOW-S" secondary="to-PP" xtag="0.1"/>
                    <EXAMPLES>
                        <EXAMPLE>John suggested to her how she could do it.</EXAMPLE>
                    </EXAMPLES>
                    <SYNTAX>
                        <NP value="Agent">
                            <SYNRESTRS/>
                        </NP>
                        <VERB/>
                        <PREP value="to">
                            <SELRESTRS/>
                        </PREP>
                        <NP value="Recipient">
                            <SYNRESTRS/>
                        </NP>
                        <NP value="Topic">
                            <SYNRESTRS>
                                <SYNRESTR Value="+" type="how_extract"/>
                            </SYNRESTRS>
                        </NP>
                    </SYNTAX>
                    <SEMANTICS>
                        <PRED value="transfer_info">
                            <ARGS>
                                <ARG type="Event" value="during(E)"/>
                                <ARG type="ThemRole" value="Agent"/>
                                <ARG type="ThemRole" value="Recipient"/>
                                <ARG type="ThemRole" value="Topic"/>
                            </ARGS>
                        </PRED>
                        <PRED value="cause">
                            <ARGS>
                                <ARG type="ThemRole" value="Agent"/>
                                <ARG type="Event" value="E"/>
                            </ARGS>
                        </PRED>
                    </SEMANTICS>
                </FRAME>
                <FRAME>
                    <DESCRIPTION descriptionNumber="8.1" primary="PP-HOW-TO-INF" secondary="to-PP" xtag="0.1"/>
                    <EXAMPLES>
                        <EXAMPLE>John suggested to her how to do it.</EXAMPLE>
                    </EXAMPLES>
                    <SYNTAX>
                        <NP value="Agent">
                            <SYNRESTRS/>
                        </NP>
                        <VERB/>
                        <PREP value="to">
                            <SELRESTRS/>
                        </PREP>
                        <NP value="Recipient">
                            <SYNRESTRS/>
                        </NP>
                        <NP value="Topic">
                            <SYNRESTRS>
                                <SYNRESTR Value="+" type="wh_inf"/>
                            </SYNRESTRS>
                        </NP>
                    </SYNTAX>
                    <SEMANTICS>
                        <PRED value="transfer_info">
                            <ARGS>
                                <ARG type="Event" value="during(E)"/>
                                <ARG type="ThemRole" value="Agent"/>
                                <ARG type="ThemRole" value="Recipient"/>
                                <ARG type="ThemRole" value="Topic"/>
                            </ARGS>
                        </PRED>
                        <PRED value="cause">
                            <ARGS>
                                <ARG type="ThemRole" value="Agent"/>
                                <ARG type="Event" value="E"/>
                            </ARGS>
                        </PRED>
                    </SEMANTICS>
                </FRAME>
                <FRAME>
                    <DESCRIPTION descriptionNumber="8.1" primary="PP-THAT-S" secondary="to-PP" xtag="0.1"/>
                    <EXAMPLES>
                        <EXAMPLE>John suggested to him that he goes.</EXAMPLE>
                    </EXAMPLES>
                    <SYNTAX>
                        <NP value="Agent">
                            <SYNRESTRS/>
                        </NP>
                        <VERB/>
                        <PREP value="to">
                            <SELRESTRS/>
                        </PREP>
                        <NP value="Recipient">
                            <SYNRESTRS/>
                        </NP>
                        <NP value="Topic">
                            <SYNRESTRS>
                                <SYNRESTR Value="+" type="that_comp"/>
                            </SYNRESTRS>
                        </NP>
                    </SYNTAX>
                    <SEMANTICS>
                        <PRED value="transfer_info">
                            <ARGS>
                                <ARG type="Event" value="during(E)"/>
                                <ARG type="ThemRole" value="Agent"/>
                                <ARG type="ThemRole" value="Recipient"/>
                                <ARG type="ThemRole" value="Topic"/>
                            </ARGS>
                        </PRED>
                        <PRED value="cause">
                            <ARGS>
                                <ARG type="ThemRole" value="Agent"/>
                                <ARG type="Event" value="E"/>
                            </ARGS>
                        </PRED>
                    </SEMANTICS>
                </FRAME>
                <FRAME>
                    <DESCRIPTION descriptionNumber="8.1" primary="PP-THAT-S-SUBJUNCT" secondary="to-PP" xtag="0.1"/>
                    <EXAMPLES>
                        <EXAMPLE>John suggested to him that he go.</EXAMPLE>
                    </EXAMPLES>
                    <SYNTAX>
                        <NP value="Agent">
                            <SYNRESTRS/>
                        </NP>
                        <VERB/>
                        <PREP value="to">
                            <SELRESTRS/>
                        </PREP>
                        <NP value="Recipient">
                            <SYNRESTRS/>
                        </NP>
                        <NP value="Topic">
                            <SYNRESTRS>
                                <SYNRESTR Value="+" type="that_comp"/>
                                <SYNRESTR Value="-" type="tensed_that"/>
                            </SYNRESTRS>
                        </NP>
                    </SYNTAX>
                    <SEMANTICS>
                        <PRED value="transfer_info">
                            <ARGS>
                                <ARG type="Event" value="during(E)"/>
                                <ARG type="ThemRole" value="Agent"/>
                                <ARG type="ThemRole" value="Recipient"/>
                                <ARG type="ThemRole" value="Topic"/>
                            </ARGS>
                        </PRED>
                        <PRED value="cause">
                            <ARGS>
                                <ARG type="ThemRole" value="Agent"/>
                                <ARG type="Event" value="E"/>
                            </ARGS>
                        </PRED>
                    </SEMANTICS>
                </FRAME>
                <FRAME>
                    <DESCRIPTION descriptionNumber="8.1" primary="PP-WHAT-S" secondary="to-PP" xtag="0.1"/>
                    <EXAMPLES>
                        <EXAMPLE>John suggested to her what she could do.</EXAMPLE>
                    </EXAMPLES>
                    <SYNTAX>
                        <NP value="Agent">
                            <SYNRESTRS/>
                        </NP>
                        <VERB/>
                        <PREP value="to">
                            <SELRESTRS/>
                        </PREP>
                        <NP value="Recipient">
                            <SYNRESTRS/>
                        </NP>
                        <NP value="Topic">
                            <SYNRESTRS>
                                <SYNRESTR Value="+" type="what_extract"/>
                            </SYNRESTRS>
                        </NP>
                    </SYNTAX>
                    <SEMANTICS>
                        <PRED value="transfer_info">
                            <ARGS>
                                <ARG type="Event" value="during(E)"/>
                                <ARG type="ThemRole" value="Agent"/>
                                <ARG type="ThemRole" value="Recipient"/>
                                <ARG type="ThemRole" value="Topic"/>
                            </ARGS>
                        </PRED>
                        <PRED value="cause">
                            <ARGS>
                                <ARG type="ThemRole" value="Agent"/>
                                <ARG type="Event" value="E"/>
                            </ARGS>
                        </PRED>
                    </SEMANTICS>
                </FRAME>
                <FRAME>
                    <DESCRIPTION descriptionNumber="8.1" primary="PP-WHAT-TO-INF" secondary="to-PP" xtag="0.1"/>
                    <EXAMPLES>
                        <EXAMPLE>John suggested to her what to do.</EXAMPLE>
                    </EXAMPLES>
                    <SYNTAX>
                        <NP value="Agent">
                            <SYNRESTRS/>
                        </NP>
                        <VERB/>
                        <PREP value="to">
                            <SELRESTRS/>
                        </PREP>
                        <NP value="Recipient">
                            <SYNRESTRS/>
                        </NP>
                        <NP value="Topic">
                            <SYNRESTRS>
                                <SYNRESTR Value="+" type="what_inf"/>
                            </SYNRESTRS>
                        </NP>
                    </SYNTAX>
                    <SEMANTICS>
                        <PRED value="transfer_info">
                            <ARGS>
                                <ARG type="Event" value="during(E)"/>
                                <ARG type="ThemRole" value="Agent"/>
                                <ARG type="ThemRole" value="Recipient"/>
                                <ARG type="ThemRole" value="Topic"/>
                            </ARGS>
                        </PRED>
                        <PRED value="cause">
                            <ARGS>
                                <ARG type="ThemRole" value="Agent"/>
                                <ARG type="Event" value="E"/>
                            </ARGS>
                        </PRED>
                    </SEMANTICS>
                </FRAME>
            </FRAMES>
            <SUBCLASSES/>
        </VNSUBCLASS>
    </SUBCLASSES>
</VNCLASS>
