<?xml version="1.0" encoding="UTF-8"?>
<!DOCTYPE VNCLASS SYSTEM "vn_class-3.dtd">
<VNCLASS ID="search-35.2" xmlns:xsi="http://www.w3.org/2001/XMLSchema-instance" xsi:noNamespaceSchemaLocation="vn_schema-3.xsd">
    <MEMBERS>
        <MEMBER name="advertise" wn="advertise%2:32:00"/>
        <MEMBER name="check" wn="check%2:31:02 check%2:32:10"/>
        <MEMBER name="comb" wn="comb%2:35:00"/>
        <MEMBER name="dive" wn="?dive%2:38:02 ?dive%2:38:01"/>
        <MEMBER name="drag" wn="drag%2:35:02"/>
        <MEMBER name="dredge" wn="dredge%2:35:01"/>
        <MEMBER name="excavate" wn="excavate%2:39:00"/>
        <MEMBER name="patrol" wn="patrol%2:41:00"/>
        <MEMBER name="plumb" wn="plumb%2:31:02"/>
        <MEMBER name="probe" wn="probe%2:32:00 probe%2:35:00"/>
        <MEMBER name="prospect" wn="prospect%2:31:00"/>
        <MEMBER name="prowl" wn="prowl%2:38:00"/>
        <MEMBER name="quarry" wn=""/>
        <MEMBER name="rake" wn="rake%2:39:00"/>
        <MEMBER name="rifle" wn="rifle%2:35:13"/>
        <MEMBER name="scavenge" wn="scavenge%2:35:01"/>
        <MEMBER name="scour" wn="scour%2:35:03"/>
        <MEMBER name="scout" wn="scout%2:39:00"/>
        <MEMBER name="search" wn="search%2:35:00 search%2:39:00 search%2:35:01"/>
        <MEMBER name="shop" wn="?shop%2:41:00"/>
        <MEMBER name="sift" wn="sift%2:38:00 sift%2:35:02"/>
        <MEMBER name="trawl" wn="trawl%2:33:00"/>
        <MEMBER name="troll" wn="troll%2:33:00"/>
        <MEMBER name="watch" wn="watch%2:39:01"/>
    </MEMBERS>
    <THEMROLES>
        <THEMROLE type="Agent">
            <SELRESTRS>
                <SELRESTR Value="+" type="animate"/>
            </SELRESTRS>
        </THEMROLE>
        <THEMROLE type="Location">
            <SELRESTRS/>
        </THEMROLE>
        <THEMROLE type="Theme">
            <SELRESTRS/>
        </THEMROLE>
    </THEMROLES>
    <FRAMES>
        <FRAME>
            <DESCRIPTION descriptionNumber="0.2" primary="NP-PP" secondary="Theme-PP" xtag=""/>
            <EXAMPLES>
                <EXAMPLE>I searched the cave for treasure.</EXAMPLE>
            </EXAMPLES>
            <SYNTAX>
                <NP value="Agent">
                    <SYNRESTRS/>
                </NP>
                <VERB/>
                <NP value="Location">
                    <SYNRESTRS/>
                </NP>
                <PREP value="for">
                    <SELRESTRS/>
                </PREP>
                <NP value="Theme">
                    <SYNRESTRS/>
                </NP>
            </SYNTAX>
            <SEMANTICS>
                <PRED value="search">
                    <ARGS>
                        <ARG type="Event" value="during(E)"/>
                        <ARG type="ThemRole" value="Agent"/>
                        <ARG type="ThemRole" value="Location"/>
                        <ARG type="ThemRole" value="Theme"/>
                    </ARGS>
                </PRED>
            </SEMANTICS>
        </FRAME>
        <FRAME>
            <DESCRIPTION descriptionNumber="0.1" primary="PP-PP" secondary="Theme-PP Location-PP" xtag=""/>
            <EXAMPLES>
                <EXAMPLE>I searched for treasure in the cave.</EXAMPLE>
            </EXAMPLES>
            <SYNTAX>
                <NP value="Agent">
                    <SYNRESTRS/>
                </NP>
                <VERB/>
                <PREP value="for">
                    <SELRESTRS/>
                </PREP>
                <NP value="Theme">
                    <SYNRESTRS/>
                </NP>
                <PREP>
                    <SELRESTRS>
                        <SELRESTR Value="+" type="loc"/>
                    </SELRESTRS>
                </PREP>
                <NP value="Location">
                    <SYNRESTRS/>
                </NP>
            </SYNTAX>
            <SEMANTICS>
                <PRED value="search">
                    <ARGS>
                        <ARG type="Event" value="during(E)"/>
                        <ARG type="ThemRole" value="Agent"/>
                        <ARG type="ThemRole" value="Location"/>
                        <ARG type="ThemRole" value="Theme"/>
                    </ARGS>
                </PRED>
            </SEMANTICS>
        </FRAME>
        <FRAME>
            <DESCRIPTION descriptionNumber="0.1" primary="PP-PP" secondary="Location-PP Theme-PP" xtag=""/>
            <EXAMPLES>
                <EXAMPLE>I searched in the cave for treasure.</EXAMPLE>
            </EXAMPLES>
            <SYNTAX>
                <NP value="Agent">
                    <SYNRESTRS/>
                </NP>
                <VERB/>
                <PREP>
                    <SELRESTRS>
                        <SELRESTR Value="+" type="loc"/>
                    </SELRESTRS>
                </PREP>
                <NP value="Location">
                    <SYNRESTRS/>
                </NP>
                <PREP value="for">
                    <SELRESTRS/>
                </PREP>
                <NP value="Theme">
                    <SYNRESTRS/>
                </NP>
            </SYNTAX>
            <SEMANTICS>
                <PRED value="search">
                    <ARGS>
                        <ARG type="Event" value="during(E)"/>
                        <ARG type="ThemRole" value="Agent"/>
                        <ARG type="ThemRole" value="Location"/>
                        <ARG type="ThemRole" value="Theme"/>
                    </ARGS>
                </PRED>
            </SEMANTICS>
        </FRAME>
        <FRAME>
            <DESCRIPTION descriptionNumber="" primary="PP" secondary="Location-PP" xtag=""/>
            <EXAMPLES>
                <EXAMPLE>I searched through America.</EXAMPLE>
            </EXAMPLES>
            <SYNTAX>
                <NP value="Agent">
                    <SYNRESTRS/>
                </NP>
                <VERB/>
                <PREP>
                    <SELRESTRS>
                        <SELRESTR Value="+" type="loc"/>
                    </SELRESTRS>
                </PREP>
                <NP value="Location">
                    <SYNRESTRS/>
                </NP>
            </SYNTAX>
            <SEMANTICS>
                <PRED value="search">
                    <ARGS>
                        <ARG type="Event" value="during(E)"/>
                        <ARG type="ThemRole" value="Agent"/>
                        <ARG type="ThemRole" value="Location"/>
                        <ARG type="ThemRole" value="?Theme"/>
                    </ARGS>
                </PRED>
            </SEMANTICS>
        </FRAME>
    </FRAMES>
    <SUBCLASSES/>
</VNCLASS>
