<?xml version="1.0" encoding="UTF-8"?>
<!DOCTYPE VNCLASS SYSTEM "vn_class-3.dtd">
<VNCLASS ID="split-23.2" xmlns:xsi="http://www.w3.org/2001/XMLSchema-instance" xsi:noNamespaceSchemaLocation="vn_schema-3.xsd">
    <MEMBERS>
        <MEMBER name="blow" wn="blow%2:38:00 blow%2:38:03"/>
        <MEMBER name="break" wn="break%2:35:05"/>
        <MEMBER name="cut" wn="cut%2:35:00 cut%2:35:11"/>
        <MEMBER name="draw" wn="draw%2:38:01"/>
        <MEMBER name="hack" wn="hack%2:35:01"/>
        <MEMBER name="hew" wn="hew%2:35:00"/>
        <MEMBER name="kick" wn="kick%2:35:01"/>
        <MEMBER name="knock" wn="knock%2:35:04"/>
        <MEMBER name="pry" wn="pry%2:35:00"/>
        <MEMBER name="pull" wn="pull%2:35:04 pull%2:38:03 pull%2:35:10"/>
        <MEMBER name="push" wn="push%2:38:00"/>
        <MEMBER name="rip" wn="rip%2:35:00"/>
        <MEMBER name="roll" wn="roll%2:38:00"/>
        <MEMBER name="saw" wn="saw%2:35:00"/>
        <MEMBER name="shove" wn="shove%2:38:01"/>
        <MEMBER name="slip" wn="slip%2:38:05"/>
        <MEMBER name="split" wn="split%2:35:00 split%2:30:01"/>
        <MEMBER name="tear" wn="tear%2:35:01"/>
        <MEMBER name="tug" wn="tug%2:35:02"/>
        <MEMBER name="yank" wn="yank%2:35:00"/>
    </MEMBERS>
    <THEMROLES>
        <THEMROLE type="Agent">
            <SELRESTRS>
                <SELRESTR Value="+" type="int_control"/>
            </SELRESTRS>
        </THEMROLE>
        <THEMROLE type="Patient">
            <SELRESTRS>
                <SELRESTR Value="+" type="solid"/>
            </SELRESTRS>
        </THEMROLE>
        <THEMROLE type="Patient1">
            <SELRESTRS>
                <SELRESTR Value="+" type="solid"/>
            </SELRESTRS>
        </THEMROLE>
        <THEMROLE type="Patient2">
            <SELRESTRS>
                <SELRESTR Value="+" type="solid"/>
            </SELRESTRS>
        </THEMROLE>
    </THEMROLES>
    <FRAMES>
        <FRAME>
            <DESCRIPTION descriptionNumber="0.2" primary="NP-PP" secondary="Source-PP" xtag=""/>
            <EXAMPLES>
                <EXAMPLE>I broke the twig off the branch.</EXAMPLE>
            </EXAMPLES>
            <SYNTAX>
                <NP value="Agent">
                    <SYNRESTRS/>
                </NP>
                <VERB/>
                <NP value="Patient1">
                    <SYNRESTRS/>
                </NP>
                <PREP value="off off of from">
                    <SELRESTRS/>
                </PREP>
                <NP value="Patient2">
                    <SYNRESTRS/>
                </NP>
            </SYNTAX>
            <SEMANTICS>
                <PRED value="cause">
                    <ARGS>
                        <ARG type="ThemRole" value="Agent"/>
                        <ARG type="Event" value="E"/>
                    </ARGS>
                </PRED>
                <PRED value="together">
                    <ARGS>
                        <ARG type="Event" value="start(E)"/>
                        <ARG type="Constant" value="physical"/>
                        <ARG type="ThemRole" value="Patient1"/>
                        <ARG type="ThemRole" value="Patient2"/>
                    </ARGS>
                </PRED>
                <PRED value="apart">
                    <ARGS>
                        <ARG type="Event" value="result(E)"/>
                        <ARG type="Constant" value="physical"/>
                        <ARG type="ThemRole" value="Patient1"/>
                        <ARG type="ThemRole" value="Patient2"/>
                    </ARGS>
                </PRED>
            </SEMANTICS>
        </FRAME>
        <FRAME>
            <DESCRIPTION descriptionNumber="2.5.3" primary="Apart Reciprocal Alternation Transitive" secondary="" xtag=""/>
            <EXAMPLES>
                <EXAMPLE>I broke the twig and the branch apart.</EXAMPLE>
            </EXAMPLES>
            <SYNTAX>
                <NP value="Agent">
                    <SYNRESTRS/>
                </NP>
                <VERB/>
                <NP value="Patient">
                    <SYNRESTRS>
                        <SYNRESTR Value="+" type="plural"/>
                    </SYNRESTRS>
                </NP>
                <LEX value="apart"/>
            </SYNTAX>
            <SEMANTICS>
                <PRED value="cause">
                    <ARGS>
                        <ARG type="ThemRole" value="Agent"/>
                        <ARG type="Event" value="E"/>
                    </ARGS>
                </PRED>
                <PRED value="together">
                    <ARGS>
                        <ARG type="Event" value="start(E)"/>
                        <ARG type="Constant" value="physical"/>
                        <ARG type="ThemRole" value="Patient_i"/>
                        <ARG type="ThemRole" value="Patient_j"/>
                    </ARGS>
                </PRED>
                <PRED value="apart">
                    <ARGS>
                        <ARG type="Event" value="result(E)"/>
                        <ARG type="Constant" value="physical"/>
                        <ARG type="ThemRole" value="Patient_i"/>
                        <ARG type="ThemRole" value="Patient_j"/>
                    </ARGS>
                </PRED>
            </SEMANTICS>
        </FRAME>
        <FRAME>
            <DESCRIPTION descriptionNumber="0.1" primary="PP" secondary="Source-PP" xtag=""/>
            <EXAMPLES>
                <EXAMPLE>The twig broke off the branch.</EXAMPLE>
            </EXAMPLES>
            <SYNTAX>
                <NP value="Patient1">
                    <SYNRESTRS/>
                </NP>
                <VERB/>
                <PREP value="off off of from">
                    <SELRESTRS/>
                </PREP>
                <NP value="Patient2">
                    <SYNRESTRS/>
                </NP>
            </SYNTAX>
            <SEMANTICS>
                <PRED value="together">
                    <ARGS>
                        <ARG type="Event" value="start(E)"/>
                        <ARG type="Constant" value="physical"/>
                        <ARG type="ThemRole" value="Patient1"/>
                        <ARG type="ThemRole" value="Patient2"/>
                    </ARGS>
                </PRED>
                <PRED value="apart">
                    <ARGS>
                        <ARG type="Event" value="result(E)"/>
                        <ARG type="Constant" value="physical"/>
                        <ARG type="ThemRole" value="Patient1"/>
                        <ARG type="ThemRole" value="Patient2"/>
                    </ARGS>
                </PRED>
            </SEMANTICS>
        </FRAME>
        <FRAME>
            <DESCRIPTION descriptionNumber="2.5.6" primary="Apart Reciprocal Alternation Intransitive" secondary="" xtag=""/>
            <EXAMPLES>
                <EXAMPLE>The twig and the branch broke apart.</EXAMPLE>
            </EXAMPLES>
            <SYNTAX>
                <NP value="Patient">
                    <SYNRESTRS>
                        <SYNRESTR Value="+" type="plural"/>
                    </SYNRESTRS>
                </NP>
                <VERB/>
                <LEX value="apart"/>
            </SYNTAX>
            <SEMANTICS>
                <PRED value="together">
                    <ARGS>
                        <ARG type="Event" value="start(E)"/>
                        <ARG type="Constant" value="physical"/>
                        <ARG type="ThemRole" value="Patient_i"/>
                        <ARG type="ThemRole" value="Patient_j"/>
                    </ARGS>
                </PRED>
                <PRED value="apart">
                    <ARGS>
                        <ARG type="Event" value="result(E)"/>
                        <ARG type="Constant" value="physical"/>
                        <ARG type="ThemRole" value="Patient_i"/>
                        <ARG type="ThemRole" value="Patient_j"/>
                    </ARGS>
                </PRED>
            </SEMANTICS>
        </FRAME>
        <FRAME>
            <DESCRIPTION descriptionNumber="1.1.1" primary="Middle Construction" secondary="" xtag=""/>
            <EXAMPLES>
                <EXAMPLE>Twigs break off of those branches easily.</EXAMPLE>
            </EXAMPLES>
            <SYNTAX>
                <NP value="Patient1">
                    <SYNRESTRS/>
                </NP>
                <VERB/>
                <PREP value="off off of from">
                    <SELRESTRS/>
                </PREP>
                <NP value="Patient2">
                    <SYNRESTRS/>
                </NP>
                <ADV/>
            </SYNTAX>
            <SEMANTICS>
                <PRED value="property">
                    <ARGS>
                        <ARG type="ThemRole" value="Patient1+Patient2"/>
                        <ARG type="VerbSpecific" value="Prop"/>
                    </ARGS>
                </PRED>
                <PRED value="Adv">
                    <ARGS>
                        <ARG type="VerbSpecific" value="Prop"/>
                    </ARGS>
                </PRED>
            </SEMANTICS>
        </FRAME>
        <FRAME>
            <DESCRIPTION descriptionNumber="1.1.1" primary="Middle Construction" secondary="" xtag=""/>
            <EXAMPLES>
                <EXAMPLE>Those twigs and branches break apart easily.</EXAMPLE>
            </EXAMPLES>
            <SYNTAX>
                <NP value="Patient">
                    <SYNRESTRS>
                        <SYNRESTR Value="+" type="plural"/>
                    </SYNRESTRS>
                </NP>
                <VERB/>
                <LEX value="apart"/>
                <ADV/>
            </SYNTAX>
            <SEMANTICS>
                <PRED value="property">
                    <ARGS>
                        <ARG type="ThemRole" value="Patient"/>
                        <ARG type="VerbSpecific" value="Prop"/>
                    </ARGS>
                </PRED>
                <PRED value="Adv">
                    <ARGS>
                        <ARG type="VerbSpecific" value="Prop"/>
                    </ARGS>
                </PRED>
            </SEMANTICS>
        </FRAME>
    </FRAMES>
    <SUBCLASSES/>
</VNCLASS>
