<?xml version="1.0" encoding="UTF-8"?>
<!DOCTYPE VNCLASS SYSTEM "vn_class-3.dtd">
<VNCLASS ID="steal-10.5" xmlns:xsi="http://www.w3.org/2001/XMLSchema-instance" xsi:noNamespaceSchemaLocation="vn_schema-3.xsd">
    <MEMBERS>
        <MEMBER name="abduct" wn="abduct%2:35:02"/>
        <MEMBER name="annex" wn=""/>
        <MEMBER name="cabbage" wn="cabbage%2:40:00"/>
        <MEMBER name="capture" wn="capture%2:36:00"/>
        <MEMBER name="confiscate" wn="confiscate%2:40:01"/>
        <MEMBER name="cop" wn="cop%2:40:00"/>
        <MEMBER name="emancipate" wn="?emancipate%2:41:00"/>
        <MEMBER name="embezzle" wn="embezzle%2:40:00"/>
        <MEMBER name="extort" wn="extort%2:40:01 extort%2:40:00"/>
        <MEMBER name="filch" wn="filch%2:40:00"/>
        <MEMBER name="flog" wn=""/>
        <MEMBER name="grab" wn="grab%2:40:03"/>
        <MEMBER name="hook" wn="hook%2:40:01 hook%2:40:00"/>
        <MEMBER name="kidnap" wn="kidnap%2:35:00"/>
        <MEMBER name="knock_off" wn="knock_off%2:40:00"/>
        <MEMBER name="liberate" wn=""/>
        <MEMBER name="lift" wn="lift%2:40:00 lift%2:40:03"/>
        <MEMBER name="misappropriate" wn=""/>
        <MEMBER name="nab" wn="?nab%2:35:01"/>
        <MEMBER name="nobble" wn="nobble%2:40:00 nobble%2:35:00"/>
        <MEMBER name="pilfer" wn="pilfer%2:40:00"/>
        <MEMBER name="pinch" wn="pinch%2:40:00"/>
        <MEMBER name="pirate" wn="pirate%2:35:00"/>
        <MEMBER name="plagiarize" wn="plagiarize%2:40:00"/>
        <MEMBER name="purloin" wn="purloin%2:40:00"/>
        <MEMBER name="reclaim" wn=""/>
        <MEMBER name="redeem" wn=""/>
        <MEMBER name="repossess" wn=""/>
        <MEMBER name="rescue" wn=""/>
        <MEMBER name="rustle" wn="rustle%2:40:00"/>
        <MEMBER name="salvage" wn=""/>
        <MEMBER name="seize" wn="seize%2:35:01 seize%2:40:01 seize%2:40:02 seize%2:40:07"/>
        <MEMBER name="smuggle" wn="smuggle%2:40:00"/>
        <MEMBER name="snatch_away" wn=""/>
        <MEMBER name="sequester" wn="sequester%2:40:00"/>
        <MEMBER name="snatch" wn="?snatch%2:35:00 snatch%2:35:01"/>
        <MEMBER name="sneak" wn="sneak%2:40:00"/>
        <MEMBER name="steal" wn="steal%2:40:00"/>
        <MEMBER name="swipe" wn="swipe%2:40:00"/>
        <MEMBER name="take" wn="?take%2:38:09 take%2:40:01"/>
        <MEMBER name="thieve" wn="thieve%2:40:00"/>
        <MEMBER name="wangle" wn="wangle%2:41:00"/>
        <MEMBER name="weasel_out" wn=""/>
        <MEMBER name="wrest" wn="wrest%2:35:01"/>
    </MEMBERS>
    <THEMROLES>
        <THEMROLE type="Agent">
            <SELRESTRS logic="or">
                <SELRESTR Value="+" type="animate"/>
                <SELRESTR Value="+" type="organization"/>
            </SELRESTRS>
        </THEMROLE>
        <THEMROLE type="Theme">
            <SELRESTRS/>
        </THEMROLE>
        <THEMROLE type="Source">
            <SELRESTRS logic="or">
                <SELRESTR Value="+" type="animate"/>
                <SELRESTRS>
                    <SELRESTR Value="+" type="location"/>
                    <SELRESTR Value="-" type="region"/>
                </SELRESTRS>
            </SELRESTRS>
        </THEMROLE>
        <THEMROLE type="Beneficiary">
            <SELRESTRS>
                <SELRESTR Value="+" type="animate"/>
            </SELRESTRS>
        </THEMROLE>
    </THEMROLES>
    <FRAMES>
        <FRAME>
            <DESCRIPTION descriptionNumber="0.2" primary="Basic Transitive" secondary="" xtag="0.2"/>
            <EXAMPLES>
                <EXAMPLE>The thief stole the paint.</EXAMPLE>
            </EXAMPLES>
            <SYNTAX>
                <NP value="Agent">
                    <SYNRESTRS/>
                </NP>
                <VERB/>
                <NP value="Theme">
                    <SYNRESTRS/>
                </NP>
            </SYNTAX>
            <SEMANTICS>
                <PRED value="manner">
                    <ARGS>
                        <ARG type="Event" value="during(E)"/>
                        <ARG type="Constant" value="illegal"/>
                        <ARG type="ThemRole" value="Agent"/>
                    </ARGS>
                </PRED>
                <PRED value="has_possession">
                    <ARGS>
                        <ARG type="Event" value="start(E)"/>
                        <ARG type="ThemRole" value="?Source"/>
                        <ARG type="ThemRole" value="Theme"/>
                    </ARGS>
                </PRED>
                <PRED value="has_possession">
                    <ARGS>
                        <ARG type="Event" value="end(E)"/>
                        <ARG type="ThemRole" value="Agent"/>
                        <ARG type="ThemRole" value="Theme"/>
                    </ARGS>
                </PRED>
                <PRED bool="!" value="has_possession">
                    <ARGS>
                        <ARG type="Event" value="end(E)"/>
                        <ARG type="ThemRole" value="?Source"/>
                        <ARG type="ThemRole" value="Theme"/>
                    </ARGS>
                </PRED>
                <PRED value="cause">
                    <ARGS>
                        <ARG type="ThemRole" value="Agent"/>
                        <ARG type="Event" value="E"/>
                    </ARGS>
                </PRED>
            </SEMANTICS>
        </FRAME>
        <FRAME>
            <DESCRIPTION descriptionNumber="0.2" primary="NP-PP" secondary="Source-PP" xtag=""/>
            <EXAMPLES>
                <EXAMPLE>The thief stole the paint from the museum.</EXAMPLE>
            </EXAMPLES>
            <SYNTAX>
                <NP value="Agent">
                    <SYNRESTRS/>
                </NP>
                <VERB/>
                <NP value="Theme">
                    <SYNRESTRS/>
                </NP>
                <PREP>
                    <SELRESTRS>
                        <SELRESTR Value="+" type="src"/>
                    </SELRESTRS>
                </PREP>
                <NP value="Source">
                    <SYNRESTRS/>
                </NP>
            </SYNTAX>
            <SEMANTICS>
                <PRED value="manner">
                    <ARGS>
                        <ARG type="Event" value="during(E)"/>
                        <ARG type="Constant" value="illegal"/>
                        <ARG type="ThemRole" value="Agent"/>
                    </ARGS>
                </PRED>
                <PRED value="has_possession">
                    <ARGS>
                        <ARG type="Event" value="start(E)"/>
                        <ARG type="ThemRole" value="Source"/>
                        <ARG type="ThemRole" value="Theme"/>
                    </ARGS>
                </PRED>
                <PRED value="has_possession">
                    <ARGS>
                        <ARG type="Event" value="end(E)"/>
                        <ARG type="ThemRole" value="Agent"/>
                        <ARG type="ThemRole" value="Theme"/>
                    </ARGS>
                </PRED>
                <PRED bool="!" value="has_possession">
                    <ARGS>
                        <ARG type="Event" value="end(E)"/>
                        <ARG type="ThemRole" value="Source"/>
                        <ARG type="ThemRole" value="Theme"/>
                    </ARGS>
                </PRED>
                <PRED value="cause">
                    <ARGS>
                        <ARG type="ThemRole" value="Agent"/>
                        <ARG type="Event" value="E"/>
                    </ARGS>
                </PRED>
            </SEMANTICS>
        </FRAME>
        <FRAME>
            <DESCRIPTION descriptionNumber="2.2" primary="NP-PP" secondary="for-PP" xtag=""/>
            <EXAMPLES>
                <EXAMPLE>The thief stole the paint for Mary.</EXAMPLE>
            </EXAMPLES>
            <SYNTAX>
                <NP value="Agent">
                    <SYNRESTRS/>
                </NP>
                <VERB/>
                <NP value="Theme">
                    <SYNRESTRS/>
                </NP>
                <PREP value="for">
                    <SELRESTRS/>
                </PREP>
                <NP value="Beneficiary">
                    <SYNRESTRS/>
                </NP>
            </SYNTAX>
            <SEMANTICS>
                <PRED value="manner">
                    <ARGS>
                        <ARG type="Event" value="during(E)"/>
                        <ARG type="Constant" value="illegal"/>
                        <ARG type="ThemRole" value="Agent"/>
                    </ARGS>
                </PRED>
                <PRED value="has_possession">
                    <ARGS>
                        <ARG type="Event" value="start(E)"/>
                        <ARG type="ThemRole" value="?Source"/>
                        <ARG type="ThemRole" value="Theme"/>
                    </ARGS>
                </PRED>
                <PRED value="has_possession">
                    <ARGS>
                        <ARG type="Event" value="end(E)"/>
                        <ARG type="ThemRole" value="Beneficiary"/>
                        <ARG type="ThemRole" value="Theme"/>
                    </ARGS>
                </PRED>
                <PRED bool="!" value="has_possession">
                    <ARGS>
                        <ARG type="Event" value="end(E)"/>
                        <ARG type="ThemRole" value="?Source"/>
                        <ARG type="ThemRole" value="Theme"/>
                    </ARGS>
                </PRED>
                <PRED value="cause">
                    <ARGS>
                        <ARG type="ThemRole" value="Agent"/>
                        <ARG type="Event" value="E"/>
                    </ARGS>
                </PRED>
            </SEMANTICS>
        </FRAME>
        <FRAME>
            <DESCRIPTION descriptionNumber="2.2" primary="NP-PP-PP" secondary="Source-PP Beneficiary-PP" xtag=""/>
            <EXAMPLES>
                <EXAMPLE>The thief stole the paint from John for Mary.</EXAMPLE>
            </EXAMPLES>
            <SYNTAX>
                <NP value="Agent">
                    <SYNRESTRS/>
                </NP>
                <VERB/>
                <NP value="Theme">
                    <SYNRESTRS/>
                </NP>
                <PREP>
                    <SELRESTRS>
                        <SELRESTR Value="+" type="src"/>
                    </SELRESTRS>
                </PREP>
                <NP value="Source">
                    <SYNRESTRS/>
                </NP>
                <PREP value="for">
                    <SELRESTRS/>
                </PREP>
                <NP value="Beneficiary">
                    <SYNRESTRS/>
                </NP>
            </SYNTAX>
            <SEMANTICS>
                <PRED value="manner">
                    <ARGS>
                        <ARG type="Event" value="during(E)"/>
                        <ARG type="Constant" value="illegal"/>
                        <ARG type="ThemRole" value="Agent"/>
                    </ARGS>
                </PRED>
                <PRED value="has_possession">
                    <ARGS>
                        <ARG type="Event" value="start(E)"/>
                        <ARG type="ThemRole" value="Source"/>
                        <ARG type="ThemRole" value="Theme"/>
                    </ARGS>
                </PRED>
                <PRED value="has_possession">
                    <ARGS>
                        <ARG type="Event" value="end(E)"/>
                        <ARG type="ThemRole" value="Beneficiary"/>
                        <ARG type="ThemRole" value="Theme"/>
                    </ARGS>
                </PRED>
                <PRED bool="!" value="has_possession">
                    <ARGS>
                        <ARG type="Event" value="end(E)"/>
                        <ARG type="ThemRole" value="Source"/>
                        <ARG type="ThemRole" value="Theme"/>
                    </ARGS>
                </PRED>
                <PRED value="cause">
                    <ARGS>
                        <ARG type="ThemRole" value="Agent"/>
                        <ARG type="Event" value="E"/>
                    </ARGS>
                </PRED>
            </SEMANTICS>
        </FRAME>
    </FRAMES>
    <SUBCLASSES/>
</VNCLASS>
