<?xml version="1.0" encoding="UTF-8"?>
<!DOCTYPE VNCLASS SYSTEM "vn_class-3.dtd">
<VNCLASS ID="transcribe-25.4" xmlns:xsi="http://www.w3.org/2001/XMLSchema-instance" xsi:noNamespaceSchemaLocation="vn_schema-3.xsd">
    <!--In most predicates, such as location, Theme really means image_of(Theme)-->
    <MEMBERS>
        <MEMBER name="chronicle" wn=""/>
        <MEMBER name="copy" wn="copy%2:36:05 copy%2:36:01"/>
        <MEMBER name="film" wn="film%2:32:00 film%2:36:00"/>
        <MEMBER name="forge" wn="forge%2:36:01"/>
        <MEMBER name="imitate" wn=""/>
        <MEMBER name="microfilm" wn="microfilm%2:36:00"/>
        <MEMBER name="photocopy" wn="photocopy%2:36:00"/>
        <MEMBER name="photograph" wn="photograph%2:32:00"/>
        <MEMBER name="record" wn="record%2:32:01"/>
        <MEMBER name="tally" wn=""/>
        <MEMBER name="tally_up" wn=""/>
        <MEMBER name="tape" wn="tape%2:32:03 tape%2:32:00"/>
        <MEMBER name="televise" wn="televise%2:32:00"/>
        <MEMBER name="transcribe" wn="transcribe%2:32:01 transcribe%2:32:00 transcribe%2:36:00 transcribe%2:32:02"/>
        <MEMBER name="type" wn="type%2:32:00"/>
    </MEMBERS>
    <THEMROLES>
        <THEMROLE type="Agent">
            <SELRESTRS>
                <SELRESTR Value="+" type="animate"/>
            </SELRESTRS>
        </THEMROLE>
        <THEMROLE type="Theme">
            <SELRESTRS/>
        </THEMROLE>
        <THEMROLE type="Destination">
            <SELRESTRS>
                <SELRESTR Value="+" type="concrete"/>
            </SELRESTRS>
        </THEMROLE>
    </THEMROLES>
    <FRAMES>
        <FRAME>
            <DESCRIPTION descriptionNumber="0.2" primary="Basic Transitive" secondary="" xtag="0.2"/>
            <EXAMPLES>
                <EXAMPLE>The secretary transcribed the speech.</EXAMPLE>
            </EXAMPLES>
            <SYNTAX>
                <NP value="Agent">
                    <SYNRESTRS/>
                </NP>
                <VERB/>
                <NP value="Theme">
                    <SYNRESTRS/>
                </NP>
            </SYNTAX>
            <SEMANTICS>
                <PRED value="created_image">
                    <ARGS>
                        <ARG type="Event" value="result(E)"/>
                        <ARG type="ThemRole" value="Theme"/>
                    </ARGS>
                </PRED>
                <PRED value="location">
                    <ARGS>
                        <ARG type="Event" value="end(E)"/>
                        <ARG type="ThemRole" value="Theme"/>
                        <ARG type="ThemRole" value="?Destination"/>
                    </ARGS>
                </PRED>
                <PRED value="cause">
                    <ARGS>
                        <ARG type="ThemRole" value="Agent"/>
                        <ARG type="Event" value="E"/>
                    </ARGS>
                </PRED>
            </SEMANTICS>
        </FRAME>
        <FRAME>
            <DESCRIPTION descriptionNumber="0.2" primary="NP-PP" secondary="locative-PP" xtag=""/>
            <EXAMPLES>
                <EXAMPLE>The secretary transcribed the speech into the record.</EXAMPLE>
            </EXAMPLES>
            <SYNTAX>
                <NP value="Agent">
                    <SYNRESTRS/>
                </NP>
                <VERB/>
                <NP value="Theme">
                    <SYNRESTRS/>
                </NP>
                <PREP>
                    <SELRESTRS logic="or">
                        <SELRESTR Value="+" type="loc"/>
                        <SELRESTR Value="+" type="dest_conf"/>
                    </SELRESTRS>
                </PREP>
                <NP value="Destination">
                    <SYNRESTRS/>
                </NP>
            </SYNTAX>
            <SEMANTICS>
                <PRED value="created_image">
                    <ARGS>
                        <ARG type="Event" value="result(E)"/>
                        <ARG type="ThemRole" value="Theme"/>
                    </ARGS>
                </PRED>
                <PRED value="Prep">
                    <ARGS>
                        <ARG type="Event" value="end(E)"/>
                        <ARG type="ThemRole" value="Theme"/>
                        <ARG type="ThemRole" value="Destination"/>
                    </ARGS>
                </PRED>
                <PRED value="cause">
                    <ARGS>
                        <ARG type="ThemRole" value="Agent"/>
                        <ARG type="Event" value="E"/>
                    </ARGS>
                </PRED>
            </SEMANTICS>
        </FRAME>
    </FRAMES>
    <SUBCLASSES/>
</VNCLASS>

