<?xml version="1.0" encoding="UTF-8"?>
<!DOCTYPE VNCLASS SYSTEM "vn_class-3.dtd">
<VNCLASS ID="transfer_mesg-37.1.1" xmlns:xsi="http://www.w3.org/2001/XMLSchema-instance" xsi:noNamespaceSchemaLocation="vn_schema-3.xsd">
    <MEMBERS>
        <MEMBER name="cite" wn="cite%2:32:00 cite%2:36:00 cite%2:32:02"/>
        <MEMBER name="demonstrate" wn="demonstrate%2:39:01"/>
        <MEMBER name="elucidate" wn=""/>
        <MEMBER name="explain" wn="explain%2:32:00 explain%2:32:01"/>
        <MEMBER name="explicate" wn="explicate%2:32:00"/>
        <MEMBER name="expound" wn=""/>
        <MEMBER name="justify" wn=""/>
        <MEMBER name="narrate" wn="narrate%2:32:00"/>
        <MEMBER name="pose" wn="?pose%2:42:00"/>
        <MEMBER name="preach" wn="preach%2:32:02"/>
        <MEMBER name="read" wn=""/>
        <MEMBER name="recite" wn="recite%2:32:00 recite%2:36:00 recite%2:32:01"/>
        <MEMBER name="relay" wn="relay%2:32:00"/>
        <MEMBER name="sniff" wn=""/>
    </MEMBERS>
    <THEMROLES>
        <!--intersective members use Theme for Topic-->
        <THEMROLE type="Agent">
            <SELRESTRS logic="or">
                <SELRESTR Value="+" type="animate"/>
                <SELRESTR Value="+" type="organization"/>
            </SELRESTRS>
        </THEMROLE>
        <THEMROLE type="Topic">
            <SELRESTRS/>
        </THEMROLE>
        <THEMROLE type="Recipient">
            <SELRESTRS logic="or">
                <SELRESTR Value="+" type="animate"/>
                <SELRESTR Value="+" type="organization"/>
            </SELRESTRS>
        </THEMROLE>
        <THEMROLE type="Source">
            <SELRESTRS/>
        </THEMROLE>
    </THEMROLES>
    <FRAMES>
        <FRAME>
            <DESCRIPTION descriptionNumber="8.1" primary="HOW-S" secondary="" xtag="0.2"/>
            <EXAMPLES>
                <EXAMPLE>I explained how it can be done.</EXAMPLE>
            </EXAMPLES>
            <SYNTAX>
                <NP value="Agent">
                    <SYNRESTRS/>
                </NP>
                <VERB/>
                <NP value="Topic">
                    <SYNRESTRS>
                        <SYNRESTR Value="+" type="how_extract"/>
                    </SYNRESTRS>
                </NP>
            </SYNTAX>
            <SEMANTICS>
                <PRED value="transfer_info">
                    <ARGS>
                        <ARG type="Event" value="during(E)"/>
                        <ARG type="ThemRole" value="Agent"/>
                        <ARG type="ThemRole" value="?Recipient"/>
                        <ARG type="ThemRole" value="Topic"/>
                    </ARGS>
                </PRED>
                <PRED value="cause">
                    <ARGS>
                        <ARG type="ThemRole" value="Agent"/>
                        <ARG type="Event" value="E"/>
                    </ARGS>
                </PRED>
            </SEMANTICS>
        </FRAME>
        <FRAME>
            <DESCRIPTION descriptionNumber="8.1" primary="HOW-TO-INF" secondary="" xtag="0.2"/>
            <EXAMPLES>
                <EXAMPLE>I explained how to do it.</EXAMPLE>
            </EXAMPLES>
            <SYNTAX>
                <NP value="Agent">
                    <SYNRESTRS/>
                </NP>
                <VERB/>
                <NP value="Topic">
                    <SYNRESTRS>
                        <SYNRESTR Value="+" type="wh_inf"/>
                    </SYNRESTRS>
                </NP>
            </SYNTAX>
            <SEMANTICS>
                <PRED value="transfer_info">
                    <ARGS>
                        <ARG type="Event" value="during(E)"/>
                        <ARG type="ThemRole" value="Agent"/>
                        <ARG type="ThemRole" value="?Recipient"/>
                        <ARG type="ThemRole" value="Topic"/>
                    </ARGS>
                </PRED>
                <PRED value="cause">
                    <ARGS>
                        <ARG type="ThemRole" value="Agent"/>
                        <ARG type="Event" value="E"/>
                    </ARGS>
                </PRED>
            </SEMANTICS>
        </FRAME>
        <FRAME>
            <DESCRIPTION descriptionNumber="8.1" primary="PP-HOW-S" secondary="to-PP" xtag="0.2"/>
            <EXAMPLES>
                <EXAMPLE>I explained to her how it can be done.</EXAMPLE>
            </EXAMPLES>
            <SYNTAX>
                <NP value="Agent">
                    <SYNRESTRS/>
                </NP>
                <VERB/>
                <PREP value="to">
                    <SELRESTRS/>
                </PREP>
                <NP value="Recipient">
                    <SYNRESTRS/>
                </NP>
                <NP value="Topic">
                    <SYNRESTRS>
                        <SYNRESTR Value="+" type="how_extract"/>
                    </SYNRESTRS>
                </NP>
            </SYNTAX>
            <SEMANTICS>
                <PRED value="transfer_info">
                    <ARGS>
                        <ARG type="Event" value="during(E)"/>
                        <ARG type="ThemRole" value="Agent"/>
                        <ARG type="ThemRole" value="Recipient"/>
                        <ARG type="ThemRole" value="Topic"/>
                    </ARGS>
                </PRED>
                <PRED value="cause">
                    <ARGS>
                        <ARG type="ThemRole" value="Agent"/>
                        <ARG type="Event" value="E"/>
                    </ARGS>
                </PRED>
            </SEMANTICS>
        </FRAME>
        <FRAME>
            <DESCRIPTION descriptionNumber="8.1" primary="PP-HOW-TO-INF" secondary="to-PP" xtag="0.2"/>
            <EXAMPLES>
                <EXAMPLE>I explained to her how to do it.</EXAMPLE>
            </EXAMPLES>
            <SYNTAX>
                <NP value="Agent">
                    <SYNRESTRS/>
                </NP>
                <VERB/>
                <PREP value="to">
                    <SELRESTRS/>
                </PREP>
                <NP value="Recipient">
                    <SYNRESTRS/>
                </NP>
                <NP value="Topic">
                    <SYNRESTRS>
                        <SYNRESTR Value="+" type="wh_inf"/>
                    </SYNRESTRS>
                </NP>
            </SYNTAX>
            <SEMANTICS>
                <PRED value="transfer_info">
                    <ARGS>
                        <ARG type="Event" value="during(E)"/>
                        <ARG type="ThemRole" value="Agent"/>
                        <ARG type="ThemRole" value="Recipient"/>
                        <ARG type="ThemRole" value="Topic"/>
                    </ARGS>
                </PRED>
                <PRED value="cause">
                    <ARGS>
                        <ARG type="ThemRole" value="Agent"/>
                        <ARG type="Event" value="E"/>
                    </ARGS>
                </PRED>
            </SEMANTICS>
        </FRAME>
        <FRAME>
            <DESCRIPTION descriptionNumber="8.1" primary="WHAT-S" secondary="" xtag="0.2"/>
            <EXAMPLES>
                <EXAMPLE>I explained what he should do.</EXAMPLE>
            </EXAMPLES>
            <SYNTAX>
                <NP value="Agent">
                    <SYNRESTRS/>
                </NP>
                <VERB/>
                <NP value="Topic">
                    <SYNRESTRS>
                        <SYNRESTR Value="+" type="what_extract"/>
                    </SYNRESTRS>
                </NP>
            </SYNTAX>
            <SEMANTICS>
                <PRED value="transfer_info">
                    <ARGS>
                        <ARG type="Event" value="during(E)"/>
                        <ARG type="ThemRole" value="Agent"/>
                        <ARG type="ThemRole" value="?Recipient"/>
                        <ARG type="ThemRole" value="Topic"/>
                    </ARGS>
                </PRED>
                <PRED value="cause">
                    <ARGS>
                        <ARG type="ThemRole" value="Agent"/>
                        <ARG type="Event" value="E"/>
                    </ARGS>
                </PRED>
            </SEMANTICS>
        </FRAME>
        <FRAME>
            <DESCRIPTION descriptionNumber="8.1" primary="WHAT-TO-INF" secondary="" xtag="0.2"/>
            <EXAMPLES>
                <EXAMPLE>I explained what to do.</EXAMPLE>
            </EXAMPLES>
            <SYNTAX>
                <NP value="Agent">
                    <SYNRESTRS/>
                </NP>
                <VERB/>
                <NP value="Topic">
                    <SYNRESTRS>
                        <SYNRESTR Value="+" type="what_inf"/>
                    </SYNRESTRS>
                </NP>
            </SYNTAX>
            <SEMANTICS>
                <PRED value="transfer_info">
                    <ARGS>
                        <ARG type="Event" value="during(E)"/>
                        <ARG type="ThemRole" value="Agent"/>
                        <ARG type="ThemRole" value="?Recipient"/>
                        <ARG type="ThemRole" value="Topic"/>
                    </ARGS>
                </PRED>
                <PRED value="cause">
                    <ARGS>
                        <ARG type="ThemRole" value="Agent"/>
                        <ARG type="Event" value="E"/>
                    </ARGS>
                </PRED>
            </SEMANTICS>
        </FRAME>
        <FRAME>
            <DESCRIPTION descriptionNumber="8.1" primary="Basic Transitive" secondary="Topic Object" xtag="0.2"/>
            <EXAMPLES>
                <EXAMPLE>I explained the matter.</EXAMPLE>
            </EXAMPLES>
            <SYNTAX>
                <NP value="Agent">
                    <SYNRESTRS/>
                </NP>
                <VERB/>
                <NP value="Topic">
                    <SYNRESTRS>
                        <SYNRESTR Value="-" type="sentential"/>
                    </SYNRESTRS>
                </NP>
            </SYNTAX>
            <SEMANTICS>
                <PRED value="transfer_info">
                    <ARGS>
                        <ARG type="Event" value="during(E)"/>
                        <ARG type="ThemRole" value="Agent"/>
                        <ARG type="ThemRole" value="?Recipient"/>
                        <ARG type="ThemRole" value="Topic"/>
                    </ARGS>
                </PRED>
                <PRED value="cause">
                    <ARGS>
                        <ARG type="ThemRole" value="Agent"/>
                        <ARG type="Event" value="E"/>
                    </ARGS>
                </PRED>
            </SEMANTICS>
        </FRAME>
        <FRAME>
            <DESCRIPTION descriptionNumber="8.1" primary="NP-PP" secondary="to-PP" xtag="0.2"/>
            <EXAMPLES>
                <EXAMPLE>I explained the matter to them.</EXAMPLE>
            </EXAMPLES>
            <SYNTAX>
                <NP value="Agent">
                    <SYNRESTRS/>
                </NP>
                <VERB/>
                <NP value="Topic">
                    <SYNRESTRS>
                        <SYNRESTR Value="-" type="sentential"/>
                    </SYNRESTRS>
                </NP>
                <PREP value="to">
                    <SELRESTRS/>
                </PREP>
                <NP value="Recipient">
                    <SYNRESTRS/>
                </NP>
            </SYNTAX>
            <SEMANTICS>
                <PRED value="transfer_info">
                    <ARGS>
                        <ARG type="Event" value="during(E)"/>
                        <ARG type="ThemRole" value="Agent"/>
                        <ARG type="ThemRole" value="Recipient"/>
                        <ARG type="ThemRole" value="Topic"/>
                    </ARGS>
                </PRED>
                <PRED value="cause">
                    <ARGS>
                        <ARG type="ThemRole" value="Agent"/>
                        <ARG type="Event" value="E"/>
                    </ARGS>
                </PRED>
            </SEMANTICS>
        </FRAME>
        <FRAME>
            <DESCRIPTION descriptionNumber="8.1" primary="PP" secondary="Topic-PP" xtag="0.2"/>
            <EXAMPLES>
                <EXAMPLE>I explained from Simone de Beauvoir's essay on the Marquis de Sade.</EXAMPLE>
            </EXAMPLES>
            <SYNTAX>
                <NP value="Agent">
                    <SYNRESTRS/>
                </NP>
                <VERB/>
                <PREP value="from">
                    <SELRESTRS/>
                </PREP>
                <NP value="Source">
                    <SYNRESTRS/>
                </NP>
            </SYNTAX>
            <SEMANTICS>
                <PRED value="transfer_info">
                    <ARGS>
                        <ARG type="Event" value="during(E)"/>
                        <ARG type="ThemRole" value="Agent"/>
                        <ARG type="ThemRole" value="?Recipient"/>
                        <ARG type="ThemRole" value="?Topic"/>
                    </ARGS>
                </PRED>
                <PRED value="cause">
                    <ARGS>
                        <ARG type="ThemRole" value="Agent"/>
                        <ARG type="Event" value="E"/>
                    </ARGS>
                </PRED>
            </SEMANTICS>
        </FRAME>
        <FRAME>
            <DESCRIPTION descriptionNumber="8.1" primary="Basic Intransitive" secondary="" xtag="0.2"/>
            <EXAMPLES>
                <EXAMPLE>I explained.</EXAMPLE>
            </EXAMPLES>
            <SYNTAX>
                <NP value="Agent">
                    <SYNRESTRS/>
                </NP>
                <VERB/>
            </SYNTAX>
            <SEMANTICS>
                <PRED value="transfer_info">
                    <ARGS>
                        <ARG type="Event" value="during(E)"/>
                        <ARG type="ThemRole" value="Agent"/>
                        <ARG type="ThemRole" value="?Recipient"/>
                        <ARG type="ThemRole" value="?Topic"/>
                    </ARGS>
                </PRED>
                <PRED value="cause">
                    <ARGS>
                        <ARG type="ThemRole" value="Agent"/>
                        <ARG type="Event" value="E"/>
                    </ARGS>
                </PRED>
            </SEMANTICS>
        </FRAME>
    </FRAMES>
    <SUBCLASSES>
        <VNSUBCLASS ID="transfer_mesg-37.1.1-1">
            <MEMBERS>
                <MEMBER name="dictate" wn="dictate%2:31:00"/>
                <MEMBER name="quote" wn="quote%2:32:00"/>
                <MEMBER name="read" wn="read%2:31:01"/>
            </MEMBERS>
            <THEMROLES/>
            <FRAMES>
                <FRAME>
                    <DESCRIPTION descriptionNumber="8.1" primary="Dative" secondary="" xtag="0.2"/>
                    <EXAMPLES>
                        <EXAMPLE>Wanda taught the students French.</EXAMPLE>
                    </EXAMPLES>
                    <SYNTAX>
                        <NP value="Agent">
                            <SYNRESTRS/>
                        </NP>
                        <VERB/>
                        <NP value="Recipient">
                            <SYNRESTRS/>
                        </NP>
                        <NP value="Topic">
                            <SYNRESTRS>
                                <SYNRESTR Value="-" type="sentential"/>
                            </SYNRESTRS>
                        </NP>
                    </SYNTAX>
                    <SEMANTICS>
                        <PRED value="transfer_info">
                            <ARGS>
                                <ARG type="Event" value="during(E)"/>
                                <ARG type="ThemRole" value="Agent"/>
                                <ARG type="ThemRole" value="Recipient"/>
                                <ARG type="ThemRole" value="Topic"/>
                            </ARGS>
                        </PRED>
                        <PRED value="cause">
                            <ARGS>
                                <ARG type="ThemRole" value="Agent"/>
                                <ARG type="Event" value="E"/>
                            </ARGS>
                        </PRED>
                    </SEMANTICS>
                </FRAME>
            </FRAMES>
            <SUBCLASSES>
                <VNSUBCLASS ID="transfer_mesg-37.1.1-1-1">
                    <MEMBERS>
                        <MEMBER name="show" wn="show%2:32:01"/>
                        <MEMBER name="teach" wn="teach%2:32:00"/>
                        <MEMBER name="tell" wn="tell%2:32:04 tell%2:32:00 tell%2:32:01"/>
                        <MEMBER name="write" wn="write%2:32:00 write%2:32:08 write%2:32:01"/>
                    </MEMBERS>
                    <THEMROLES/>
                    <FRAMES>
                        <FRAME>
                            <DESCRIPTION descriptionNumber="8.1" primary="Transitive" secondary="Recipient Object" xtag="0.2"/>
                            <EXAMPLES>
                                <EXAMPLE>Wanda taught the students.</EXAMPLE>
                            </EXAMPLES>
                            <SYNTAX>
                                <NP value="Agent">
                                    <SYNRESTRS/>
                                </NP>
                                <VERB/>
                                <NP value="Recipient">
                                    <SYNRESTRS/>
                                </NP>
                            </SYNTAX>
                            <SEMANTICS>
                                <PRED value="transfer_info">
                                    <ARGS>
                                        <ARG type="Event" value="during(E)"/>
                                        <ARG type="ThemRole" value="Agent"/>
                                        <ARG type="ThemRole" value="Recipient"/>
                                        <ARG type="ThemRole" value="?Topic"/>
                                    </ARGS>
                                </PRED>
                                <PRED value="cause">
                                    <ARGS>
                                        <ARG type="ThemRole" value="Agent"/>
                                        <ARG type="Event" value="E"/>
                                    </ARGS>
                                </PRED>
                            </SEMANTICS>
                        </FRAME>
                        <FRAME>
                            <DESCRIPTION descriptionNumber="8.1" primary="NP-TO-INF-OC" secondary="" xtag="0.2"/>
                            <EXAMPLES>
                                <EXAMPLE>Wanda asked me to present a new proposal.</EXAMPLE>
                            </EXAMPLES>
                            <SYNTAX>
                                <NP value="Agent">
                                    <SYNRESTRS/>
                                </NP>
                                <VERB/>
                                <NP value="Recipient">
                                    <SYNRESTRS/>
                                </NP>
                                <NP value="Topic">
                                    <SYNRESTRS>
                                        <SYNRESTR Value="+" type="oc_to_inf"/>
                                    </SYNRESTRS>
                                </NP>
                            </SYNTAX>
                            <SEMANTICS>
                                <PRED value="transfer_info">
                                    <ARGS>
                                        <ARG type="Event" value="during(E)"/>
                                        <ARG type="ThemRole" value="Agent"/>
                                        <ARG type="ThemRole" value="Recipient"/>
                                        <ARG type="ThemRole" value="Topic"/>
                                    </ARGS>
                                </PRED>
                                <PRED value="cause">
                                    <ARGS>
                                        <ARG type="ThemRole" value="Agent"/>
                                        <ARG type="Event" value="E"/>
                                    </ARGS>
                                </PRED>
                            </SEMANTICS>
                        </FRAME>
                        <FRAME>
                            <DESCRIPTION descriptionNumber="8.1" primary="NP-P-ING-AC" secondary="about-PP" xtag="0.2"/>
                            <EXAMPLES>
                                <EXAMPLE>Wanda told me about climbing the mountain.</EXAMPLE>
                            </EXAMPLES>
                            <SYNTAX>
                                <NP value="Agent">
                                    <SYNRESTRS/>
                                </NP>
                                <VERB/>
                                <NP value="Recipient">
                                    <SYNRESTRS/>
                                </NP>
                                <PREP value="about">
                                    <SELRESTRS/>
                                </PREP>
                                <NP value="Topic">
                                    <SYNRESTRS>
                                        <SYNRESTR Value="+" type="ac_ing"/>
                                    </SYNRESTRS>
                                </NP>
                            </SYNTAX>
                            <SEMANTICS>
                                <PRED value="transfer_info">
                                    <ARGS>
                                        <ARG type="Event" value="during(E)"/>
                                        <ARG type="ThemRole" value="Agent"/>
                                        <ARG type="ThemRole" value="Recipient"/>
                                        <ARG type="ThemRole" value="Topic"/>
                                    </ARGS>
                                </PRED>
                                <PRED value="cause">
                                    <ARGS>
                                        <ARG type="ThemRole" value="Agent"/>
                                        <ARG type="Event" value="E"/>
                                    </ARGS>
                                </PRED>
                            </SEMANTICS>
                        </FRAME>
                        <FRAME>
                            <DESCRIPTION descriptionNumber="8.1" primary="NP-S" secondary="" xtag="0.2"/>
                            <EXAMPLES>
                                <EXAMPLE>She told him that he should not go.</EXAMPLE>
                            </EXAMPLES>
                            <SYNTAX>
                                <NP value="Agent">
                                    <SYNRESTRS/>
                                </NP>
                                <VERB/>
                                <NP value="Recipient">
                                    <SYNRESTRS/>
                                </NP>
                                <NP value="Topic">
                                    <SYNRESTRS>
                                        <SYNRESTR Value="+" type="that_comp"/>
                                    </SYNRESTRS>
                                </NP>
                            </SYNTAX>
                            <SEMANTICS>
                                <PRED value="transfer_info">
                                    <ARGS>
                                        <ARG type="Event" value="during(E)"/>
                                        <ARG type="ThemRole" value="Agent"/>
                                        <ARG type="ThemRole" value="Recipient"/>
                                        <ARG type="ThemRole" value="Topic"/>
                                    </ARGS>
                                </PRED>
                                <PRED value="cause">
                                    <ARGS>
                                        <ARG type="ThemRole" value="Agent"/>
                                        <ARG type="Event" value="E"/>
                                    </ARGS>
                                </PRED>
                            </SEMANTICS>
                        </FRAME>
                        <FRAME>
                            <DESCRIPTION descriptionNumber="8.1" primary="NP-WHAT-S" secondary="" xtag="0.2"/>
                            <EXAMPLES>
                                <EXAMPLE>She told him what she was doing.</EXAMPLE>
                            </EXAMPLES>
                            <SYNTAX>
                                <NP value="Agent">
                                    <SYNRESTRS/>
                                </NP>
                                <VERB/>
                                <NP value="Recipient">
                                    <SYNRESTRS/>
                                </NP>
                                <NP value="Topic">
                                    <SYNRESTRS>
                                        <SYNRESTR Value="+" type="what_extract"/>
                                    </SYNRESTRS>
                                </NP>
                            </SYNTAX>
                            <SEMANTICS>
                                <PRED value="transfer_info">
                                    <ARGS>
                                        <ARG type="Event" value="during(E)"/>
                                        <ARG type="ThemRole" value="Agent"/>
                                        <ARG type="ThemRole" value="Recipient"/>
                                        <ARG type="ThemRole" value="Topic"/>
                                    </ARGS>
                                </PRED>
                                <PRED value="cause">
                                    <ARGS>
                                        <ARG type="ThemRole" value="Agent"/>
                                        <ARG type="Event" value="E"/>
                                    </ARGS>
                                </PRED>
                            </SEMANTICS>
                        </FRAME>
                        <FRAME>
                            <DESCRIPTION descriptionNumber="8.1" primary="NP-WHAT-TO-INF" secondary="" xtag="0.2"/>
                            <EXAMPLES>
                                <EXAMPLE>She told him what to do.</EXAMPLE>
                            </EXAMPLES>
                            <SYNTAX>
                                <NP value="Agent">
                                    <SYNRESTRS/>
                                </NP>
                                <VERB/>
                                <NP value="Recipient">
                                    <SYNRESTRS/>
                                </NP>
                                <NP value="Topic">
                                    <SYNRESTRS>
                                        <SYNRESTR Value="+" type="what_inf"/>
                                    </SYNRESTRS>
                                </NP>
                            </SYNTAX>
                            <SEMANTICS>
                                <PRED value="transfer_info">
                                    <ARGS>
                                        <ARG type="Event" value="during(E)"/>
                                        <ARG type="ThemRole" value="Agent"/>
                                        <ARG type="ThemRole" value="Recipient"/>
                                        <ARG type="ThemRole" value="Topic"/>
                                    </ARGS>
                                </PRED>
                                <PRED value="cause">
                                    <ARGS>
                                        <ARG type="ThemRole" value="Agent"/>
                                        <ARG type="Event" value="E"/>
                                    </ARGS>
                                </PRED>
                            </SEMANTICS>
                        </FRAME>
                        <FRAME>
                            <DESCRIPTION descriptionNumber="8.1" primary="NP-HOW-S" secondary="" xtag="0.2"/>
                            <EXAMPLES>
                                <EXAMPLE>She told him how he did it.</EXAMPLE>
                            </EXAMPLES>
                            <SYNTAX>
                                <NP value="Agent">
                                    <SYNRESTRS/>
                                </NP>
                                <VERB/>
                                <NP value="Recipient">
                                    <SYNRESTRS/>
                                </NP>
                                <NP value="Topic">
                                    <SYNRESTRS>
                                        <SYNRESTR Value="+" type="how_extract"/>
                                    </SYNRESTRS>
                                </NP>
                            </SYNTAX>
                            <SEMANTICS>
                                <PRED value="transfer_info">
                                    <ARGS>
                                        <ARG type="Event" value="during(E)"/>
                                        <ARG type="ThemRole" value="Agent"/>
                                        <ARG type="ThemRole" value="Recipient"/>
                                        <ARG type="ThemRole" value="Topic"/>
                                    </ARGS>
                                </PRED>
                                <PRED value="cause">
                                    <ARGS>
                                        <ARG type="ThemRole" value="Agent"/>
                                        <ARG type="Event" value="E"/>
                                    </ARGS>
                                </PRED>
                            </SEMANTICS>
                        </FRAME>
                    </FRAMES>
                    <SUBCLASSES/>
                </VNSUBCLASS>
            </SUBCLASSES>
        </VNSUBCLASS>
    </SUBCLASSES>
</VNCLASS>

