<?xml version="1.0" encoding="UTF-8"?>
<!DOCTYPE VNCLASS SYSTEM "vn_class-3.dtd">
<VNCLASS ID="turn-26.6.1" xmlns:xsi="http://www.w3.org/2001/XMLSchema-instance" xsi:noNamespaceSchemaLocation="vn_schema-3.xsd">
    <MEMBERS>
        <MEMBER name="alter" wn="alter%2:30:01"/>
        <MEMBER name="deform" wn=""/>
        <MEMBER name="metamorphose" wn="metamorphose%2:30:00"/>
        <MEMBER name="mutate" wn=""/>
        <MEMBER name="transform" wn="transform%2:30:00 transform%2:30:03"/>
        <MEMBER name="translate" wn=""/>
        <MEMBER name="transmute" wn="transmute%2:30:01 transmute%2:30:00 transmute%2:30:02"/>
    </MEMBERS>
    <THEMROLES>
        <THEMROLE type="Agent">
            <SELRESTRS logic="or">
                <SELRESTR Value="+" type="animate"/>
                <SELRESTR Value="+" type="machine"/>
            </SELRESTRS>
        </THEMROLE>
        <THEMROLE type="Patient">
            <SELRESTRS/>
        </THEMROLE>
        <THEMROLE type="Product">
            <SELRESTRS/>
        </THEMROLE>
        <THEMROLE type="Material">
            <SELRESTRS/>
        </THEMROLE>
    </THEMROLES>
    <FRAMES>
        <FRAME>
            <DESCRIPTION descriptionNumber="1.1.2.1" primary="NP-PP-PP" secondary="Causative variant, Material-PP Product-PP" xtag=""/>
            <EXAMPLES>
                <EXAMPLE>The witch turned him from a prince into a frog.</EXAMPLE>
            </EXAMPLES>
            <SYNTAX>
                <NP value="Agent">
                    <SYNRESTRS/>
                </NP>
                <VERB/>
                <NP value="Patient">
                    <SYNRESTRS/>
                </NP>
                <PREP value="from">
                    <SELRESTRS/>
                </PREP>
                <NP value="Material">
                    <SYNRESTRS/>
                </NP>
                <PREP value="into">
                    <SELRESTRS/>
                </PREP>
                <NP value="Product">
                    <SYNRESTRS/>
                </NP>
            </SYNTAX>
            <SEMANTICS>
                <PRED value="state">
                    <ARGS>
                        <ARG type="Event" value="start(E)"/>
                        <ARG type="ThemRole" value="Material"/>
                        <ARG type="ThemRole" value="Patient"/>
                    </ARGS>
                </PRED>
                <PRED bool="!" value="state">
                    <ARGS>
                        <ARG type="Event" value="start(E)"/>
                        <ARG type="ThemRole" value="Product"/>
                        <ARG type="ThemRole" value="Patient"/>
                    </ARGS>
                </PRED>
                <PRED value="state">
                    <ARGS>
                        <ARG type="Event" value="result(E)"/>
                        <ARG type="ThemRole" value="Product"/>
                        <ARG type="ThemRole" value="Patient"/>
                    </ARGS>
                </PRED>
                <PRED bool="!" value="state">
                    <ARGS>
                        <ARG type="Event" value="result(E)"/>
                        <ARG type="ThemRole" value="Material"/>
                        <ARG type="ThemRole" value="Patient"/>
                    </ARGS>
                </PRED>
                <PRED value="cause">
                    <ARGS>
                        <ARG type="ThemRole" value="Agent"/>
                        <ARG type="Event" value="E"/>
                    </ARGS>
                </PRED>
            </SEMANTICS>
        </FRAME>
        <FRAME>
            <DESCRIPTION descriptionNumber="1.1.2.1" primary="PP-PP" secondary="Inchoative variant, Material-PP Product-PP" xtag=""/>
            <EXAMPLES>
                <EXAMPLE>He turned from a prince into a frog.</EXAMPLE>
            </EXAMPLES>
            <SYNTAX>
                <NP value="Patient">
                    <SYNRESTRS/>
                </NP>
                <VERB/>
                <PREP value="from">
                    <SELRESTRS/>
                </PREP>
                <NP value="Material">
                    <SYNRESTRS/>
                </NP>
                <PREP value="into">
                    <SELRESTRS/>
                </PREP>
                <NP value="Product">
                    <SYNRESTRS/>
                </NP>
            </SYNTAX>
            <SEMANTICS>
                <PRED value="state">
                    <ARGS>
                        <ARG type="Event" value="start(E)"/>
                        <ARG type="ThemRole" value="Material"/>
                        <ARG type="ThemRole" value="Patient"/>
                    </ARGS>
                </PRED>
                <PRED bool="!" value="state">
                    <ARGS>
                        <ARG type="Event" value="start(E)"/>
                        <ARG type="ThemRole" value="Product"/>
                        <ARG type="ThemRole" value="Patient"/>
                    </ARGS>
                </PRED>
                <PRED value="state">
                    <ARGS>
                        <ARG type="Event" value="result(E)"/>
                        <ARG type="ThemRole" value="Product"/>
                        <ARG type="ThemRole" value="Patient"/>
                    </ARGS>
                </PRED>
                <PRED bool="!" value="state">
                    <ARGS>
                        <ARG type="Event" value="result(E)"/>
                        <ARG type="ThemRole" value="Material"/>
                        <ARG type="ThemRole" value="Patient"/>
                    </ARGS>
                </PRED>
            </SEMANTICS>
        </FRAME>
        <FRAME>
            <DESCRIPTION descriptionNumber="2.4.3" primary="Total Transformation Alternation Transitive" secondary="" xtag=""/>
            <EXAMPLES>
                <EXAMPLE>The witch turned him into a frog.</EXAMPLE>
            </EXAMPLES>
            <SYNTAX>
                <NP value="Agent">
                    <SYNRESTRS/>
                </NP>
                <VERB/>
                <NP value="Patient">
                    <SYNRESTRS/>
                </NP>
                <PREP value="into">
                    <SELRESTRS/>
                </PREP>
                <NP value="Product">
                    <SYNRESTRS/>
                </NP>
            </SYNTAX>
            <SEMANTICS>
                <PRED bool="!" value="state">
                    <ARGS>
                        <ARG type="Event" value="start(E)"/>
                        <ARG type="ThemRole" value="Product"/>
                        <ARG type="ThemRole" value="Patient"/>
                    </ARGS>
                </PRED>
                <PRED value="state">
                    <ARGS>
                        <ARG type="Event" value="result(E)"/>
                        <ARG type="ThemRole" value="Product"/>
                        <ARG type="ThemRole" value="Patient"/>
                    </ARGS>
                </PRED>
                <PRED value="cause">
                    <ARGS>
                        <ARG type="ThemRole" value="Agent"/>
                        <ARG type="Event" value="E"/>
                    </ARGS>
                </PRED>
            </SEMANTICS>
        </FRAME>
        <FRAME>
            <DESCRIPTION descriptionNumber="2.4.4" primary="Total Transformation Alternation Intransitive" secondary="" xtag=""/>
            <EXAMPLES>
                <EXAMPLE>He turned into a frog.</EXAMPLE>
            </EXAMPLES>
            <SYNTAX>
                <NP value="Patient">
                    <SYNRESTRS/>
                </NP>
                <VERB/>
                <PREP value="into">
                    <SELRESTRS/>
                </PREP>
                <NP value="Product">
                    <SYNRESTRS/>
                </NP>
            </SYNTAX>
            <SEMANTICS>
                <PRED bool="!" value="state">
                    <ARGS>
                        <ARG type="Event" value="start(E)"/>
                        <ARG type="ThemRole" value="Product"/>
                        <ARG type="ThemRole" value="Patient"/>
                    </ARGS>
                </PRED>
                <PRED value="state">
                    <ARGS>
                        <ARG type="Event" value="result(E)"/>
                        <ARG type="ThemRole" value="Product"/>
                        <ARG type="ThemRole" value="Patient"/>
                    </ARGS>
                </PRED>
            </SEMANTICS>
        </FRAME>
        <FRAME>
            <DESCRIPTION descriptionNumber="" primary="Basic Intransitive" secondary="" xtag=""/>
            <EXAMPLES>
                <EXAMPLE>The man was converting again.</EXAMPLE>
            </EXAMPLES>
            <SYNTAX>
                <NP value="Patient">
                    <SYNRESTRS/>
                </NP>
                <VERB/>
            </SYNTAX>
            <SEMANTICS>
                <PRED value="state">
                    <ARGS>
                        <ARG type="Event" value="start(E)"/>
                        <ARG type="VerbSpecific" value="Material"/>
                        <ARG type="ThemRole" value="Patient"/>
                    </ARGS>
                </PRED>
                <PRED bool="!" value="state">
                    <ARGS>
                        <ARG type="Event" value="result(E)"/>
                        <ARG type="VerbSpecific" value="Material"/>
                        <ARG type="ThemRole" value="Patient"/>
                    </ARGS>
                </PRED>
            </SEMANTICS>
        </FRAME>
        <FRAME>
            <DESCRIPTION descriptionNumber="" primary="Basic Transitive" secondary="" xtag=""/>
            <EXAMPLES>
                <EXAMPLE>The 1980s bull market transformed the U.S. securities business.</EXAMPLE>
            </EXAMPLES>
            <SYNTAX>
                <NP value="Agent">
                    <SYNRESTRS/>
                </NP>
                <VERB/>
                <NP value="Patient">
                    <SYNRESTRS/>
                </NP>
            </SYNTAX>
            <SEMANTICS>
                <PRED value="state">
                    <ARGS>
                        <ARG type="Event" value="start(E)"/>
                        <ARG type="ThemRole" value="?Material"/>
                        <ARG type="ThemRole" value="Patient"/>
                    </ARGS>
                </PRED>
                <PRED bool="!" value="state">
                    <ARGS>
                        <ARG type="Event" value="start(E)"/>
                        <ARG type="ThemRole" value="?Result"/>
                        <ARG type="ThemRole" value="Patient"/>
                    </ARGS>
                </PRED>
                <PRED value="state">
                    <ARGS>
                        <ARG type="Event" value="result(E)"/>
                        <ARG type="ThemRole" value="?Product"/>
                        <ARG type="ThemRole" value="Patient"/>
                    </ARGS>
                </PRED>
                <PRED bool="!" value="state">
                    <ARGS>
                        <ARG type="Event" value="result(E)"/>
                        <ARG type="ThemRole" value="?Material"/>
                        <ARG type="ThemRole" value="Patient"/>
                    </ARGS>
                </PRED>
                <PRED value="cause">
                    <ARGS>
                        <ARG type="ThemRole" value="Agent"/>
                        <ARG type="Event" value="E"/>
                    </ARGS>
                </PRED>
            </SEMANTICS>
        </FRAME>
    </FRAMES>
    <SUBCLASSES>
        <VNSUBCLASS ID="turn-26.6.1-1">
            <MEMBERS>
                <MEMBER name="change" wn="change%2:30:00 change%2:30:01 change%2:30:08"/>
                <MEMBER name="convert" wn="convert%2:30:03 convert%2:30:00 convert%2:30:01 convert%2:30:02 convert%2:30:07 convert%2:30:04"/>
                <MEMBER name="turn" wn="turn%2:42:00 turn%2:30:03 turn%2:30:09 turn%2:42:13"/>
            </MEMBERS>
            <THEMROLES/>
            <FRAMES>
                <FRAME>
                    <DESCRIPTION descriptionNumber="" primary="PP" secondary="w/ endstate" xtag=""/>
                    <EXAMPLES>
                        <EXAMPLE>He converted to a world without CFCs.</EXAMPLE>
                    </EXAMPLES>
                    <SYNTAX>
                        <NP value="Agent">
                            <SYNRESTRS/>
                        </NP>
                        <VERB/>
                        <PREP value="to">
                            <SELRESTRS/>
                        </PREP>
                        <NP value="Product">
                            <SYNRESTRS/>
                        </NP>
                    </SYNTAX>
                    <SEMANTICS>
                        <PRED value="state">
                            <ARGS>
                                <ARG type="Event" value="start(E)"/>
                                <ARG type="VerbSpecific" value="?Material"/>
                                <ARG type="ThemRole" value="Agent"/>
                            </ARGS>
                        </PRED>
                        <PRED value="state">
                            <ARGS>
                                <ARG type="Event" value="result(E)"/>
                                <ARG type="ThemRole" value="Product"/>
                                <ARG type="ThemRole" value="Agent"/>
                            </ARGS>
                        </PRED>
                        <PRED bool="!" value="state">
                            <ARGS>
                                <ARG type="Event" value="start(E)"/>
                                <ARG type="ThemRole" value="Product"/>
                                <ARG type="ThemRole" value="Agent"/>
                            </ARGS>
                        </PRED>
                        <PRED bool="!" value="state">
                            <ARGS>
                                <ARG type="Event" value="result(E)"/>
                                <ARG type="VerbSpecific" value="?Material"/>
                                <ARG type="ThemRole" value="Agent"/>
                            </ARGS>
                        </PRED>
                        <PRED value="cause">
                            <ARGS>
                                <ARG type="ThemRole" value="Agent"/>
                                <ARG type="Event" value="E"/>
                            </ARGS>
                        </PRED>
                    </SEMANTICS>
                </FRAME>
                <FRAME>
                    <DESCRIPTION descriptionNumber="" primary="PP-PP" secondary="w/ beginning state w/ end state" xtag=""/>
                    <EXAMPLES>
                        <EXAMPLE>The thrift, which converted from a mutual form in April 1986 to a stock form of ownership.</EXAMPLE>
                    </EXAMPLES>
                    <SYNTAX>
                        <NP value="Agent">
                            <SYNRESTRS/>
                        </NP>
                        <VERB/>
                        <PREP value="from">
                            <SELRESTRS/>
                        </PREP>
                        <NP value="Material">
                            <SYNRESTRS/>
                        </NP>
                        <PREP value="to">
                            <SELRESTRS/>
                        </PREP>
                        <NP value="Product">
                            <SYNRESTRS/>
                        </NP>
                    </SYNTAX>
                    <SEMANTICS>
                        <PRED value="state">
                            <ARGS>
                                <ARG type="Event" value="start(E)"/>
                                <ARG type="VerbSpecific" value="Material"/>
                                <ARG type="ThemRole" value="?Patient"/>
                            </ARGS>
                        </PRED>
                        <PRED bool="!" value="state">
                            <ARGS>
                                <ARG type="Event" value="start(E)"/>
                                <ARG type="ThemRole" value="Product"/>
                                <ARG type="ThemRole" value="?Patient"/>
                            </ARGS>
                        </PRED>
                        <PRED value="state">
                            <ARGS>
                                <ARG type="Event" value="result(E)"/>
                                <ARG type="ThemRole" value="Product"/>
                                <ARG type="ThemRole" value="?Patient"/>
                            </ARGS>
                        </PRED>
                        <PRED bool="!" value="state">
                            <ARGS>
                                <ARG type="Event" value="result(E)"/>
                                <ARG type="ThemRole" value="Material"/>
                                <ARG type="ThemRole" value="?Patient"/>
                            </ARGS>
                        </PRED>
                        <PRED value="cause">
                            <ARGS>
                                <ARG type="ThemRole" value="Agent"/>
                                <ARG type="Event" value="E"/>
                            </ARGS>
                        </PRED>
                    </SEMANTICS>
                </FRAME>
                <FRAME>
                    <DESCRIPTION descriptionNumber="" primary="PP-PP" secondary="w/ end state w/ beginning state" xtag=""/>
                    <EXAMPLES>
                        <EXAMPLE>The thrift, which converted to a stock form of ownership from a mutual form in April 1986.</EXAMPLE>
                    </EXAMPLES>
                    <SYNTAX>
                        <NP value="Agent">
                            <SYNRESTRS/>
                        </NP>
                        <VERB/>
                        <PREP value="to">
                            <SELRESTRS/>
                        </PREP>
                        <NP value="Product">
                            <SYNRESTRS/>
                        </NP>
                        <PREP value="from">
                            <SELRESTRS/>
                        </PREP>
                        <NP value="Material">
                            <SYNRESTRS/>
                        </NP>
                    </SYNTAX>
                    <SEMANTICS>
                        <PRED value="state">
                            <ARGS>
                                <ARG type="Event" value="start(E)"/>
                                <ARG type="ThemRole" value="Material"/>
                                <ARG type="ThemRole" value="?Patient"/>
                            </ARGS>
                        </PRED>
                        <PRED bool="!" value="state">
                            <ARGS>
                                <ARG type="Event" value="start(E)"/>
                                <ARG type="ThemRole" value="Product"/>
                                <ARG type="ThemRole" value="?Patient"/>
                            </ARGS>
                        </PRED>
                        <PRED value="state">
                            <ARGS>
                                <ARG type="Event" value="result(E)"/>
                                <ARG type="ThemRole" value="Product"/>
                                <ARG type="ThemRole" value="?Patient"/>
                            </ARGS>
                        </PRED>
                        <PRED bool="!" value="state">
                            <ARGS>
                                <ARG type="Event" value="result(E)"/>
                                <ARG type="ThemRole" value="Material"/>
                                <ARG type="ThemRole" value="?Patient"/>
                            </ARGS>
                        </PRED>
                        <PRED value="cause">
                            <ARGS>
                                <ARG type="ThemRole" value="Agent"/>
                                <ARG type="Event" value="E"/>
                            </ARGS>
                        </PRED>
                    </SEMANTICS>
                </FRAME>
            </FRAMES>
            <SUBCLASSES/>
        </VNSUBCLASS>
    </SUBCLASSES>
</VNCLASS>
