<?xml version="1.0"?>
<document>

<metaproperties>
	<source>Lynch (1998:106)</source>
	<copyright/>
	<title>Anejom pronouns</title>
</metaproperties>



<attributes>
  <name name="person">
    <value value="1.INC"/>
    <value value="1.EXC"/>    
    <value value="2"/>
    <value value="3"/>
  </name>
  <name name="type">
    <value value="independent"/>
    <value value="object"/>
    <value value="possessive"/>
    <value value="subject (aorist)"/>
    <value value="subject (past)"/>
    <value value="subject (inceptive)"/>
  </name>
  <name name="number">
    <value value="singular"/>
    <value value="dual"/>
    <value value="trial"/>
    <value value="plural"/>
  </name>
  <name name="content">
    <value value="-"/>
    <value value="-ja"/>
    <value value="-jau"/>
    <value value="-k"/>
    <value value="-m"/>
    <value value="-ma"/>
    <value value="-mia"/>
    <value value="-mirau"/>
    <value value="-mitaj"/>
    <value value="-mrau"/>
    <value value="-mtaj"/>
    <value value="-n"/>
    <value value="-ra"/>
    <value value="-rau"/>
    <value value="-taj"/>
    <value value="-ttaj"/>
    <value value="aara"/>
    <value value="aarau"/>
    <value value="aattaj"/>
    <value value="aek, aak"/>
    <value value="aen, aan"/>
    <value value="ajama"/>
    <value value="ajamrau"/>
    <value value="ajamtaj"/>
    <value value="ajourau"/>
    <value value="ajoutaj"/>
    <value value="ajowa"/>
    <value value="akaja"/>
    <value value="akajau"/>
    <value value="akataj"/>
    <value value="aki"/>
    <value value="akis"/>
    <value value="an"/>
    <value value="anak"/>
    <value value="aru"/>
    <value value="arus"/>
    <value value="as"/>
    <value value="atiji"/>
    <value value="atijis"/>
    <value value="caja"/>
    <value value="cajau"/>
    <value value="cama"/>
    <value value="camrau"/>
    <value value="camtaj"/>
    <value value="cataj"/>
    <value value="courau"/>
    <value value="coutaj"/>
    <value value="cowa"/>
    <value value="ek"/>
    <value value="eka"/>
    <value value="ekra"/>
    <value value="ekrau"/>
    <value value="ekri"/>
    <value value="ekris"/>
    <value value="ekru"/>
    <value value="era"/>
    <value value="erau"/>
    <value value="eri"/>
    <value value="eris"/>
    <value value="eru"/>
    <value value="erus"/>
    <value value="et"/>
    <value value="etiji"/>
    <value value="etijis"/>
    <value value="ettaj"/>
    <value value="iniyi"/>
    <value value="is"/>
    <value value="ki"/>
    <value value="kis"/>
    <value value="na"/>
    <value value="nak"/>
    <value value="ra"/>
    <value value="rau"/>
    <value value="ta"/>
    <value value="taj"/>
    <value value="tau"/>
    <value value="ti"/>
    <value value="tiji"/>
    <value value="tijis"/>
    <value value="tu"/>
    <value value="tus"/>
    <value value="yic, -c"/>
    <value value="yin, -n"/>
  </name>
</attributes>

<paradigm>
  <form>
    <attribute name="person" value="1.INC"/>
    <attribute name="type" value="independent"/>
    <attribute name="number" value="singular"/>
    <attribute name="content" value="-"/>
  </form>
  <form>
    <attribute name="person" value="1.INC"/>
    <attribute name="type" value="independent"/>
    <attribute name="number" value="dual"/>
    <attribute name="content" value="akajau"/>
  </form>
  <form>
    <attribute name="person" value="1.INC"/>
    <attribute name="type" value="independent"/>
    <attribute name="number" value="trial"/>
    <attribute name="content" value="akataj"/>
  </form>
  <form>
    <attribute name="person" value="1.INC"/>
    <attribute name="type" value="independent"/>
    <attribute name="number" value="plural"/>
    <attribute name="content" value="akaja"/>
  </form>

  <form>
    <attribute name="person" value="1.EXC"/>
    <attribute name="type" value="independent"/>
    <attribute name="number" value="singular"/>
    <attribute name="content" value="anak"/>
  </form>
  <form>
    <attribute name="person" value="1.EXC"/>
    <attribute name="type" value="independent"/>
    <attribute name="number" value="dual"/>
    <attribute name="content" value="ajamrau"/>
  </form>
  <form>
    <attribute name="person" value="1.EXC"/>
    <attribute name="type" value="independent"/>
    <attribute name="number" value="trial"/>
    <attribute name="content" value="ajamtaj"/>
  </form>
  <form>
    <attribute name="person" value="1.EXC"/>
    <attribute name="type" value="independent"/>
    <attribute name="number" value="plural"/>
    <attribute name="content" value="ajama"/>
  </form>
  <form>
    <attribute name="person" value="2"/>
    <attribute name="type" value="independent"/>
    <attribute name="number" value="singular"/>
    <attribute name="content" value="aek, aak"/>
  </form>
  <form>
    <attribute name="person" value="2"/>
    <attribute name="type" value="independent"/>
    <attribute name="number" value="dual"/>
    <attribute name="content" value="ajourau"/>
  </form>
  <form>
    <attribute name="person" value="2"/>
    <attribute name="type" value="independent"/>
    <attribute name="number" value="trial"/>
    <attribute name="content" value="ajoutaj"/>
  </form>
  <form>
    <attribute name="person" value="2"/>
    <attribute name="type" value="independent"/>
    <attribute name="number" value="plural"/>
    <attribute name="content" value="ajowa"/>
  </form>
  <form>
    <attribute name="person" value="3"/>
    <attribute name="type" value="independent"/>
    <attribute name="number" value="singular"/>
    <attribute name="content" value="aen, aan"/>
  </form>
  <form>
    <attribute name="person" value="3"/>
    <attribute name="type" value="independent"/>
    <attribute name="number" value="dual"/>
    <attribute name="content" value="aarau"/>
  </form>
  <form>
    <attribute name="person" value="3"/>
    <attribute name="type" value="independent"/>
    <attribute name="number" value="trial"/>
    <attribute name="content" value="aattaj"/>
  </form>
  <form>
    <attribute name="person" value="3"/>
    <attribute name="type" value="independent"/>
    <attribute name="number" value="plural"/>
    <attribute name="content" value="aara"/>
  </form>


  <form>
    <attribute name="person" value="1.INC"/>
    <attribute name="type" value="object"/>
    <attribute name="number" value="singular"/>
    <attribute name="content" value="-"/>
  </form>
  <form>
    <attribute name="person" value="1.INC"/>
    <attribute name="type" value="object"/>
    <attribute name="number" value="dual"/>
    <attribute name="content" value="cajau"/>
  </form>
  <form>
    <attribute name="person" value="1.INC"/>
    <attribute name="type" value="object"/>
    <attribute name="number" value="trial"/>
    <attribute name="content" value="cataj"/>
  </form>
  <form>
    <attribute name="person" value="1.INC"/>
    <attribute name="type" value="object"/>
    <attribute name="number" value="plural"/>
    <attribute name="content" value="caja"/>
  </form>

  <form>
    <attribute name="person" value="1.EXC"/>
    <attribute name="type" value="object"/>
    <attribute name="number" value="singular"/>
    <attribute name="content" value="nak"/>
  </form>
  <form>
    <attribute name="person" value="1.EXC"/>
    <attribute name="type" value="object"/>
    <attribute name="number" value="dual"/>
    <attribute name="content" value="camrau"/>
  </form>
  <form>
    <attribute name="person" value="1.EXC"/>
    <attribute name="type" value="object"/>
    <attribute name="number" value="trial"/>
    <attribute name="content" value="camtaj"/>
  </form>
  <form>
    <attribute name="person" value="1.EXC"/>
    <attribute name="type" value="object"/>
    <attribute name="number" value="plural"/>
    <attribute name="content" value="cama"/>
  </form>
  <form>
    <attribute name="person" value="2"/>
    <attribute name="type" value="object"/>
    <attribute name="number" value="singular"/>
    <attribute name="content" value="yic, -c"/>
  </form>
  <form>
    <attribute name="person" value="2"/>
    <attribute name="type" value="object"/>
    <attribute name="number" value="dual"/>
    <attribute name="content" value="courau"/>
  </form>
  <form>
    <attribute name="person" value="2"/>
    <attribute name="type" value="object"/>
    <attribute name="number" value="trial"/>
    <attribute name="content" value="coutaj"/>
  </form>
  <form>
    <attribute name="person" value="2"/>
    <attribute name="type" value="object"/>
    <attribute name="number" value="plural"/>
    <attribute name="content" value="cowa"/>
  </form>
  <form>
    <attribute name="person" value="3"/>
    <attribute name="type" value="object"/>
    <attribute name="number" value="singular"/>
    <attribute name="content" value="yin, -n"/>
  </form>
  <form>
    <attribute name="person" value="3"/>
    <attribute name="type" value="object"/>
    <attribute name="number" value="dual"/>
    <attribute name="content" value="rau"/>
  </form>
  <form>
    <attribute name="person" value="3"/>
    <attribute name="type" value="object"/>
    <attribute name="number" value="trial"/>
    <attribute name="content" value="ettaj"/>
  </form>
  <form>
    <attribute name="person" value="3"/>
    <attribute name="type" value="object"/>
    <attribute name="number" value="plural"/>
    <attribute name="content" value="ra"/>
  </form>


  <form>
    <attribute name="person" value="1.INC"/>
    <attribute name="type" value="possessive"/>
    <attribute name="number" value="singular"/>
    <attribute name="content" value="-"/>
  </form>
  <form>
    <attribute name="person" value="1.INC"/>
    <attribute name="type" value="possessive"/>
    <attribute name="number" value="dual"/>
    <attribute name="content" value="-jau"/>
  </form>
  <form>
    <attribute name="person" value="1.INC"/>
    <attribute name="type" value="possessive"/>
    <attribute name="number" value="trial"/>
    <attribute name="content" value="-taj"/>
  </form>
  <form>
    <attribute name="person" value="1.INC"/>
    <attribute name="type" value="possessive"/>
    <attribute name="number" value="plural"/>
    <attribute name="content" value="-ja"/>
  </form>

  <form>
    <attribute name="person" value="1.EXC"/>
    <attribute name="type" value="possessive"/>
    <attribute name="number" value="singular"/>
    <attribute name="content" value="-k"/>
  </form>
  <form>
    <attribute name="person" value="1.EXC"/>
    <attribute name="type" value="possessive"/>
    <attribute name="number" value="dual"/>
    <attribute name="content" value="-mrau"/>
  </form>
  <form>
    <attribute name="person" value="1.EXC"/>
    <attribute name="type" value="possessive"/>
    <attribute name="number" value="trial"/>
    <attribute name="content" value="-mtaj"/>
  </form>
  <form>
    <attribute name="person" value="1.EXC"/>
    <attribute name="type" value="possessive"/>
    <attribute name="number" value="plural"/>
    <attribute name="content" value="-ma"/>
  </form>
  <form>
    <attribute name="person" value="2"/>
    <attribute name="type" value="possessive"/>
    <attribute name="number" value="singular"/>
    <attribute name="content" value="-m"/>
  </form>
  <form>
    <attribute name="person" value="2"/>
    <attribute name="type" value="possessive"/>
    <attribute name="number" value="dual"/>
    <attribute name="content" value="-mirau"/>
  </form>
  <form>
    <attribute name="person" value="2"/>
    <attribute name="type" value="possessive"/>
    <attribute name="number" value="trial"/>
    <attribute name="content" value="-mitaj"/>
  </form>
  <form>
    <attribute name="person" value="2"/>
    <attribute name="type" value="possessive"/>
    <attribute name="number" value="plural"/>
    <attribute name="content" value="-mia"/>
  </form>
  <form>
    <attribute name="person" value="3"/>
    <attribute name="type" value="possessive"/>
    <attribute name="number" value="singular"/>
    <attribute name="content" value="-n"/>
  </form>
  <form>
    <attribute name="person" value="3"/>
    <attribute name="type" value="possessive"/>
    <attribute name="number" value="dual"/>
    <attribute name="content" value="-rau"/>
  </form>
  <form>
    <attribute name="person" value="3"/>
    <attribute name="type" value="possessive"/>
    <attribute name="number" value="trial"/>
    <attribute name="content" value="-ttaj"/>
  </form>
  <form>
    <attribute name="person" value="3"/>
    <attribute name="type" value="possessive"/>
    <attribute name="number" value="plural"/>
    <attribute name="content" value="-ra"/>
  </form>


  <form>
    <attribute name="person" value="1.INC"/>
    <attribute name="type" value="subject (aorist)"/>
    <attribute name="number" value="singular"/>
    <attribute name="content" value="-"/>
  </form>
  <form>
    <attribute name="person" value="1.INC"/>
    <attribute name="type" value="subject (aorist)"/>
    <attribute name="number" value="dual"/>
    <attribute name="content" value="tau"/>
  </form>
  <form>
    <attribute name="person" value="1.INC"/>
    <attribute name="type" value="subject (aorist)"/>
    <attribute name="number" value="trial"/>
    <attribute name="content" value="taj"/>
  </form>
  <form>
    <attribute name="person" value="1.INC"/>
    <attribute name="type" value="subject (aorist)"/>
    <attribute name="number" value="plural"/>
    <attribute name="content" value="ta"/>
  </form>

  <form>
    <attribute name="person" value="1.EXC"/>
    <attribute name="type" value="subject (aorist)"/>
    <attribute name="number" value="singular"/>
    <attribute name="content" value="ek"/>
  </form>
  <form>
    <attribute name="person" value="1.EXC"/>
    <attribute name="type" value="subject (aorist)"/>
    <attribute name="number" value="dual"/>
    <attribute name="content" value="ekrau"/>
  </form>
  <form>
    <attribute name="person" value="1.EXC"/>
    <attribute name="type" value="subject (aorist)"/>
    <attribute name="number" value="trial"/>
    <attribute name="content" value="ettaj"/>
  </form>
  <form>
    <attribute name="person" value="1.EXC"/>
    <attribute name="type" value="subject (aorist)"/>
    <attribute name="number" value="plural"/>
    <attribute name="content" value="ekra"/>
  </form>
  <form>
    <attribute name="person" value="2"/>
    <attribute name="type" value="subject (aorist)"/>
    <attribute name="number" value="singular"/>
    <attribute name="content" value="na"/>
  </form>
  <form>
    <attribute name="person" value="2"/>
    <attribute name="type" value="subject (aorist)"/>
    <attribute name="number" value="dual"/>
    <attribute name="content" value="erau"/>
  </form>
  <form>
    <attribute name="person" value="2"/>
    <attribute name="type" value="subject (aorist)"/>
    <attribute name="number" value="trial"/>
    <attribute name="content" value="ettaj"/>
  </form>
  <form>
    <attribute name="person" value="2"/>
    <attribute name="type" value="subject (aorist)"/>
    <attribute name="number" value="plural"/>
    <attribute name="content" value="eka"/>
  </form>
  <form>
    <attribute name="person" value="3"/>
    <attribute name="type" value="subject (aorist)"/>
    <attribute name="number" value="singular"/>
    <attribute name="content" value="et"/>
  </form>
  <form>
    <attribute name="person" value="3"/>
    <attribute name="type" value="subject (aorist)"/>
    <attribute name="number" value="dual"/>
    <attribute name="content" value="erau"/>
  </form>
  <form>
    <attribute name="person" value="3"/>
    <attribute name="type" value="subject (aorist)"/>
    <attribute name="number" value="trial"/>
    <attribute name="content" value="ettaj"/>
  </form>
  <form>
    <attribute name="person" value="3"/>
    <attribute name="type" value="subject (aorist)"/>
    <attribute name="number" value="plural"/>
    <attribute name="content" value="era"/>
  </form>


  <form>
    <attribute name="person" value="1.INC"/>
    <attribute name="type" value="subject (past)"/>
    <attribute name="number" value="singular"/>
    <attribute name="content" value="-"/>
  </form>
  <form>
    <attribute name="person" value="1.INC"/>
    <attribute name="type" value="subject (past)"/>
    <attribute name="number" value="dual"/>
    <attribute name="content" value="tus"/>
  </form>
  <form>
    <attribute name="person" value="1.INC"/>
    <attribute name="type" value="subject (past)"/>
    <attribute name="number" value="trial"/>
    <attribute name="content" value="tijis"/>
  </form>
  <form>
    <attribute name="person" value="1.INC"/>
    <attribute name="type" value="subject (past)"/>
    <attribute name="number" value="plural"/>
    <attribute name="content" value="eris"/>
  </form>

  <form>
    <attribute name="person" value="1.EXC"/>
    <attribute name="type" value="subject (past)"/>
    <attribute name="number" value="singular"/>
    <attribute name="content" value="kis"/>
  </form>
  <form>
    <attribute name="person" value="1.EXC"/>
    <attribute name="type" value="subject (past)"/>
    <attribute name="number" value="dual"/>
    <attribute name="content" value="eris"/>
  </form>
  <form>
    <attribute name="person" value="1.EXC"/>
    <attribute name="type" value="subject (past)"/>
    <attribute name="number" value="trial"/>
    <attribute name="content" value="eris"/>
  </form>
  <form>
    <attribute name="person" value="1.EXC"/>
    <attribute name="type" value="subject (past)"/>
    <attribute name="number" value="plural"/>
    <attribute name="content" value="ekris"/>
  </form>
  <form>
    <attribute name="person" value="2"/>
    <attribute name="type" value="subject (past)"/>
    <attribute name="number" value="singular"/>
    <attribute name="content" value="as"/>
  </form>
  <form>
    <attribute name="person" value="2"/>
    <attribute name="type" value="subject (past)"/>
    <attribute name="number" value="dual"/>
    <attribute name="content" value="arus"/>
  </form>
  <form>
    <attribute name="person" value="2"/>
    <attribute name="type" value="subject (past)"/>
    <attribute name="number" value="trial"/>
    <attribute name="content" value="atijis"/>
  </form>
  <form>
    <attribute name="person" value="2"/>
    <attribute name="type" value="subject (past)"/>
    <attribute name="number" value="plural"/>
    <attribute name="content" value="akis"/>
  </form>
  <form>
    <attribute name="person" value="3"/>
    <attribute name="type" value="subject (past)"/>
    <attribute name="number" value="singular"/>
    <attribute name="content" value="is"/>
  </form>
  <form>
    <attribute name="person" value="3"/>
    <attribute name="type" value="subject (past)"/>
    <attribute name="number" value="dual"/>
    <attribute name="content" value="erus"/>
  </form>
  <form>
    <attribute name="person" value="3"/>
    <attribute name="type" value="subject (past)"/>
    <attribute name="number" value="trial"/>
    <attribute name="content" value="etijis"/>
  </form>
  <form>
    <attribute name="person" value="3"/>
    <attribute name="type" value="subject (past)"/>
    <attribute name="number" value="plural"/>
    <attribute name="content" value="eris"/>
  </form>


  <form>
    <attribute name="person" value="1.INC"/>
    <attribute name="type" value="subject (inceptive)"/>
    <attribute name="number" value="singular"/>
    <attribute name="content" value="-"/>
  </form>
  <form>
    <attribute name="person" value="1.INC"/>
    <attribute name="type" value="subject (inceptive)"/>
    <attribute name="number" value="dual"/>
    <attribute name="content" value="tu"/>
  </form>
  <form>
    <attribute name="person" value="1.INC"/>
    <attribute name="type" value="subject (inceptive)"/>
    <attribute name="number" value="trial"/>
    <attribute name="content" value="tiji"/>
  </form>
  <form>
    <attribute name="person" value="1.INC"/>
    <attribute name="type" value="subject (inceptive)"/>
    <attribute name="number" value="plural"/>
    <attribute name="content" value="ti"/>
  </form>

  <form>
    <attribute name="person" value="1.EXC"/>
    <attribute name="type" value="subject (inceptive)"/>
    <attribute name="number" value="singular"/>
    <attribute name="content" value="ki"/>
  </form>
  <form>
    <attribute name="person" value="1.EXC"/>
    <attribute name="type" value="subject (inceptive)"/>
    <attribute name="number" value="dual"/>
    <attribute name="content" value="ekru"/>
  </form>
  <form>
    <attribute name="person" value="1.EXC"/>
    <attribute name="type" value="subject (inceptive)"/>
    <attribute name="number" value="trial"/>
    <attribute name="content" value="etiji"/>
  </form>
  <form>
    <attribute name="person" value="1.EXC"/>
    <attribute name="type" value="subject (inceptive)"/>
    <attribute name="number" value="plural"/>
    <attribute name="content" value="ekri"/>
  </form>
  <form>
    <attribute name="person" value="2"/>
    <attribute name="type" value="subject (inceptive)"/>
    <attribute name="number" value="singular"/>
    <attribute name="content" value="an"/>
  </form>
  <form>
    <attribute name="person" value="2"/>
    <attribute name="type" value="subject (inceptive)"/>
    <attribute name="number" value="dual"/>
    <attribute name="content" value="aru"/>
  </form>
  <form>
    <attribute name="person" value="2"/>
    <attribute name="type" value="subject (inceptive)"/>
    <attribute name="number" value="trial"/>
    <attribute name="content" value="atiji"/>
  </form>
  <form>
    <attribute name="person" value="2"/>
    <attribute name="type" value="subject (inceptive)"/>
    <attribute name="number" value="plural"/>
    <attribute name="content" value="aki"/>
  </form>
  <form>
    <attribute name="person" value="3"/>
    <attribute name="type" value="subject (inceptive)"/>
    <attribute name="number" value="singular"/>
    <attribute name="content" value="iniyi"/>
  </form>
  <form>
    <attribute name="person" value="3"/>
    <attribute name="type" value="subject (inceptive)"/>
    <attribute name="number" value="dual"/>
    <attribute name="content" value="eru"/>
  </form>
  <form>
    <attribute name="person" value="3"/>
    <attribute name="type" value="subject (inceptive)"/>
    <attribute name="number" value="trial"/>
    <attribute name="content" value="etiji"/>
  </form>
  <form>
    <attribute name="person" value="3"/>
    <attribute name="type" value="subject (inceptive)"/>
    <attribute name="number" value="plural"/>
    <attribute name="content" value="eri"/>
  </form>

</paradigm></document>
