<?xml version="1.0"?>
<document><metaproperties>
	<source>Daniels 2001:65</source>
	<copyright/>
	<title>Cherokee syllabry</title>
</metaproperties>


<attributes>
  <name name="nucleus">
    <value value="-a"/>
    <value value="-e"/>
    <value value="-i"/>
    <value value="-o"/>
    <value value="-u"/>
    <value value="-v"/>    
  </name>
  <name name="onset">
    <value value="-"/>
    <value value="g"/>
    <value value="k"/>
    <value value="h"/>
    <value value="l"/>
    <value value="m"/>
    <value value="n"/>
    <value value="hn"/>
    <value value="n-h"/>
    <value value="qu"/>
    <value value="s"/>
    <value value="d"/>
    <value value="t"/>
    <value value="dl"/>
    <value value="tl"/>
    <value value="ts"/>    
    <value value="w"/>
    <value value="y"/>
  </name>
  <name name="voicing">
    <value value="voiced"/>
    <value value="voiceless"/>
    <!-- NOTE: how does this list both together in column? -->
  </name>
  <name name="content">
    <value value="$"/>
    <value value="%"/>
    <value value=")"/>
    <value value="+"/>
    <value value="4"/>
    <value value="6"/>
    <value value="8"/>
    <value value="?"/>
    <value value="@"/>
    <value value="A"/>
    <value value="a"/>
    <value value="B"/>
    <value value="b"/>
    <value value="C"/>
    <value value="D"/>
    <value value="d"/>
    <value value="E"/>
    <value value="e"/>
    <value value="F"/>
    <value value="G"/>
    <value value="H"/>
    <value value="h"/>
    <value value="I"/>
    <value value="i"/>
    <value value="J"/>
    <value value="j"/>
    <value value="K"/>
    <value value="L"/>
    <value value="lr"/>
    <value value="M"/>
    <value value="O"/>
    <value value="O)"/>
    <value value="o~"/>
    <value value="P"/>
    <value value="p"/>
    <value value="Q"/>
    <value value="R"/>
    <value value="S"/>
    <value value="T"/>
    <value value="t"/>
    <value value="U"/>
    <value value="V"/>
    <value value="W"/>
    <value value="w"/>
    <value value="y"/>
    <value value="Z"/>
  </name>
</attributes>

<paradigm>
  <form>
    <attribute name="nucleus" value="-a"/>
    <attribute name="onset" value=""/>
    <attribute name="content" value="D"/>
  </form>
  <form>
    <attribute name="nucleus" value="-a"/>
    <attribute name="onset" value="g"/>
    <attribute name="voicing" value="voiced"/>
    <attribute name="content" value="S"/>
  </form>
  <form>
    <attribute name="nucleus" value="-a"/>
    <attribute name="onset" value="g"/>
    <attribute name="voicing" value="voiceless"/>
<!-- NOTE: how does this list g + k together in column? -->
    <attribute name="content" value="@"/>
  </form>
  <form>
    <attribute name="nucleus" value="-a"/>
    <attribute name="onset" value="h"/>
    <attribute name="content" value="L"/>
  </form>
  <form>
    <attribute name="nucleus" value="-a"/>
    <attribute name="onset" value="l"/>
    <attribute name="content" value="W"/>
  </form>
  <form>
    <attribute name="nucleus" value="-a"/>
    <attribute name="onset" value="m"/>
    <attribute name="content" value="+"/>
  </form>
  <form>
    <attribute name="nucleus" value="-a"/>
    <attribute name="onset" value="n"/>
    <attribute name="voicing" value="voiced"/>
    <attribute name="content" value="O"/>
  </form>
  <form>
    <attribute name="nucleus" value="-a"/>
    <attribute name="onset" value="hn"/>
    <attribute name="voicing" value="voiceless"/>
    <attribute name="content" value="t"/>
  </form>
  <form>
    <attribute name="nucleus" value="-a"/>
    <attribute name="onset" value="n-h"/>
<!-- NOTE: this one doesn't fit properly at all - only example with coda consonant -->
    <attribute name="content" value="G"/>
  </form>
  <form>
    <attribute name="nucleus" value="-a"/>
    <attribute name="onset" value="qu"/>
    <attribute name="content" value="T"/>
  </form>
  <form>
    <attribute name="nucleus" value=""/>
    <attribute name="onset" value="s"/>
<!-- NOTE: this one has no nucleus - how to get it to list in this column? -->
    <attribute name="content" value="@"/>
  </form>
  <form>
    <attribute name="nucleus" value="-a"/>
    <attribute name="onset" value="s"/>
    <attribute name="content" value="U"/>
  </form>
  <form>
    <attribute name="nucleus" value="-a"/>
    <attribute name="onset" value="d"/>
    <attribute name="voicing" value="voiced"/>
    <attribute name="content" value="L"/>
  </form>
  <form>
    <attribute name="nucleus" value="-a"/>
    <attribute name="onset" value="t"/>
    <attribute name="voicing" value="voiceless"/>
    <attribute name="content" value="W"/>
  </form>
  <form>
    <attribute name="nucleus" value="-a"/>
    <attribute name="onset" value="dl"/>
    <attribute name="voicing" value="voiced"/>
    <attribute name="content" value="%"/>
  </form>
  <form>
    <attribute name="nucleus" value="-a"/>
    <attribute name="onset" value="tl"/>
    <attribute name="voicing" value="voiceless"/>
    <attribute name="content" value="L"/>
  </form>
  <form>
    <attribute name="nucleus" value="-a"/>
    <attribute name="onset" value="ts"/>
    <attribute name="content" value="C"/>
  </form>
  <form>
    <attribute name="nucleus" value="-a"/>
    <attribute name="onset" value="w"/>
    <attribute name="content" value="G"/>
  </form>
  <form>
    <attribute name="nucleus" value="-a"/>
    <attribute name="onset" value="y"/>
    <attribute name="content" value="w"/>
  </form>
  
  <form>
    <attribute name="nucleus" value="-e"/>
    <attribute name="onset" value="-"/>
    <attribute name="content" value="R"/>
  </form>
  <form>
    <attribute name="nucleus" value="-e"/>
    <attribute name="onset" value="g"/>
    <attribute name="content" value="I"/>
  </form>
  <form>
    <attribute name="nucleus" value="-e"/>
    <attribute name="onset" value="h"/>
    <attribute name="content" value="?"/>
  </form>
  <form>
    <attribute name="nucleus" value="-e"/>
    <attribute name="onset" value="l"/>
    <attribute name="content" value="d"/>
  </form>
  <form>
    <attribute name="nucleus" value="-e"/>
    <attribute name="onset" value="m"/>
    <attribute name="content" value="a"/>
  </form>
  <form>
    <attribute name="nucleus" value="-e"/>
    <attribute name="onset" value="n"/>
    <attribute name="content" value="A"/>
  </form>
  <form>
    <attribute name="nucleus" value="-e"/>
    <attribute name="onset" value="qu"/>
    <attribute name="content" value="w"/>
  </form>
  <form>
    <attribute name="nucleus" value="-e"/>
    <attribute name="onset" value="s"/>
    <attribute name="content" value="4"/>
  </form>
  <form>
    <attribute name="nucleus" value="-e"/>
    <attribute name="onset" value="d"/>
    <attribute name="voicing" value="voiced"/>
    <attribute name="content" value="S"/>
  </form>
  <form>
    <attribute name="nucleus" value="-e"/>
    <attribute name="onset" value="t"/>
    <attribute name="voicing" value="voiceless"/>
    <attribute name="content" value="T"/>
  </form>
  <form>
    <attribute name="nucleus" value="-e"/>
    <attribute name="onset" value="tl"/>
    <attribute name="content" value="L"/>
  </form>
  <form>
    <attribute name="nucleus" value="-e"/>
    <attribute name="onset" value="ts"/>
    <attribute name="content" value="V"/>
  </form>
  <form>
    <attribute name="nucleus" value="-e"/>
    <attribute name="onset" value="w"/>
    <attribute name="content" value="W"/>
  </form>
  <form>
    <attribute name="nucleus" value="-e"/>
    <attribute name="onset" value="y"/>
    <attribute name="content" value="B"/>
  </form>
  
  <form>
    <attribute name="nucleus" value="-i"/>
    <attribute name="onset" value="-"/>
    <attribute name="content" value="T"/>
  </form>
  <form>
    <attribute name="nucleus" value="-i"/>
    <attribute name="onset" value="g"/>
    <attribute name="content" value="y"/>
  </form>
  <form>
    <attribute name="nucleus" value="-i"/>
    <attribute name="onset" value="h"/>
    <attribute name="content" value="A"/>
  </form>
  <form>
    <attribute name="nucleus" value="-i"/>
    <attribute name="onset" value="l"/>
    <attribute name="content" value="P"/>
  </form>
  <form>
    <attribute name="nucleus" value="-i"/>
    <attribute name="onset" value="m"/>
    <attribute name="content" value="H"/>
  </form>
  <form>
    <attribute name="nucleus" value="-i"/>
    <attribute name="onset" value="n"/>
    <attribute name="content" value="h"/>
  </form>
  <form>
    <attribute name="nucleus" value="-i"/>
    <attribute name="onset" value="qu"/>
    <attribute name="content" value="p"/>
  </form>
  <form>
    <attribute name="nucleus" value="-i"/>
    <attribute name="onset" value="s"/>
    <attribute name="content" value="b"/>
  </form>
  <form>
    <attribute name="nucleus" value="-i"/>
    <attribute name="onset" value="d"/>
    <attribute name="voicing" value="voiced"/>
    <attribute name="content" value="J"/>
  </form>
  <form>
    <attribute name="nucleus" value="-i"/>
    <attribute name="onset" value="t"/>
    <attribute name="voicing" value="voiceless"/>
    <attribute name="content" value="J"/>
  </form>
  <form>
    <attribute name="nucleus" value="-i"/>
    <attribute name="onset" value="tl"/>
    <attribute name="content" value="C"/>
  </form>
  <form>
    <attribute name="nucleus" value="-i"/>
    <attribute name="onset" value="ts"/>
    <attribute name="content" value="lr"/>
  </form>
  <form>
    <attribute name="nucleus" value="-i"/>
    <attribute name="onset" value="w"/>
    <attribute name="content" value="O"/>
  </form>
  <form>
    <attribute name="nucleus" value="-i"/>
    <attribute name="onset" value="y"/>
    <attribute name="content" value="$"/>
  </form>

  
  <form>
    <attribute name="nucleus" value="-o"/>
    <attribute name="onset" value="-"/>
    <attribute name="content" value="O)"/>
  </form>
  <form>
    <attribute name="nucleus" value="-o"/>
    <attribute name="onset" value="g"/>
    <attribute name="content" value="A"/>
  </form>
  <form>
    <attribute name="nucleus" value="-o"/>
    <attribute name="onset" value="h"/>
    <attribute name="content" value="F"/>
  </form>
  <form>
    <attribute name="nucleus" value="-o"/>
    <attribute name="onset" value="l"/>
    <attribute name="content" value="G"/>
  </form>
  <form>
    <attribute name="nucleus" value="-o"/>
    <attribute name="onset" value="m"/>
    <attribute name="content" value=")"/>
  </form>
  <form>
    <attribute name="nucleus" value="-o"/>
    <attribute name="onset" value="n"/>
    <attribute name="content" value="Z"/>
  </form>
  <form>
    <attribute name="nucleus" value="-o"/>
    <attribute name="onset" value="qu"/>
    <attribute name="content" value="V"/>
  </form>
  <form>
    <attribute name="nucleus" value="-o"/>
    <attribute name="onset" value="s"/>
    <attribute name="content" value="+"/>
  </form>
  <form>
    <attribute name="nucleus" value="-o"/>
    <attribute name="onset" value="d"/>
    <attribute name="content" value="V"/>
  </form>
  <form>
    <attribute name="nucleus" value="-o"/>
    <attribute name="onset" value="tl"/>
    <attribute name="content" value="J"/>
  </form>
  <form>
    <attribute name="nucleus" value="-o"/>
    <attribute name="onset" value="ts"/>
    <attribute name="content" value="K"/>
  </form>
  <form>
    <attribute name="nucleus" value="-o"/>
    <attribute name="onset" value="w"/>
    <attribute name="content" value="U"/>
  </form>
  <form>
    <attribute name="nucleus" value="-o"/>
    <attribute name="onset" value="y"/>
    <attribute name="content" value="h"/>
  </form>
  
  
  <form>
    <attribute name="nucleus" value="-u"/>
    <attribute name="onset" value="-"/>
    <attribute name="content" value="O"/>
  </form>
  <form>
    <attribute name="nucleus" value="-u"/>
    <attribute name="onset" value="g"/>
    <attribute name="content" value="J"/>
  </form>
  <form>
    <attribute name="nucleus" value="-u"/>
    <attribute name="onset" value="h"/>
    <attribute name="content" value="F"/>
  </form>
  <form>
    <attribute name="nucleus" value="-u"/>
    <attribute name="onset" value="l"/>
    <attribute name="content" value="M"/>
  </form>
  <form>
    <attribute name="nucleus" value="-u"/>
    <attribute name="onset" value="m"/>
    <attribute name="content" value="y"/>
  </form>
  <form>
    <attribute name="nucleus" value="-u"/>
    <attribute name="onset" value="n"/>
    <attribute name="content" value="?"/>
  </form>
  <form>
    <attribute name="nucleus" value="-u"/>
    <attribute name="onset" value="qu"/>
    <attribute name="content" value="w"/>
  </form>
  <form>
    <attribute name="nucleus" value="-u"/>
    <attribute name="onset" value="s"/>
    <attribute name="content" value="8"/>
  </form>
  <form>
    <attribute name="nucleus" value="-u"/>
    <attribute name="onset" value="d"/>
    <attribute name="content" value="S"/>
  </form>
  <form>
    <attribute name="nucleus" value="-u"/>
    <attribute name="onset" value="tl"/>
    <attribute name="content" value="@"/>
  </form>
  <form>
    <attribute name="nucleus" value="-u"/>
    <attribute name="onset" value="ts"/>
    <attribute name="content" value="j"/>
  </form>
  <form>
    <attribute name="nucleus" value="-u"/>
    <attribute name="onset" value="w"/>
    <attribute name="content" value="e"/>
  </form>
  <form>
    <attribute name="nucleus" value="-u"/>
    <attribute name="onset" value="y"/>
    <attribute name="content" value="G"/>
  </form>

  
  <form>
    <attribute name="nucleus" value="-v"/>
    <attribute name="onset" value="-"/>
    <attribute name="content" value="i"/>
  </form>
  <form>
    <attribute name="nucleus" value="-v"/>
    <attribute name="onset" value="g"/>
    <attribute name="content" value="E"/>
  </form>
  <form>
    <attribute name="nucleus" value="-v"/>
    <attribute name="onset" value="h"/>
    <attribute name="content" value="Q"/>
  </form>
  <form>
    <attribute name="nucleus" value="-v"/>
    <attribute name="onset" value="l"/>
    <attribute name="content" value="?"/>
  </form>
  <form>
    <attribute name="nucleus" value="-v"/>
    <attribute name="onset" value="n"/>
    <attribute name="content" value="O"/>
  </form>
  <form>
    <attribute name="nucleus" value="-v"/>
    <attribute name="onset" value="qu"/>
    <attribute name="content" value="E"/>
  </form>
  <form>
    <attribute name="nucleus" value="-v"/>
    <attribute name="onset" value="s"/>
    <attribute name="content" value="R"/>
  </form>
  <form>
    <attribute name="nucleus" value="-v"/>
    <attribute name="onset" value="d"/>
    <attribute name="content" value="o~"/>
  </form>
  <form>
    <attribute name="nucleus" value="-v"/>
    <attribute name="onset" value="tl"/>
    <attribute name="content" value="P"/>
  </form>
  <form>
    <attribute name="nucleus" value="-v"/>
    <attribute name="onset" value="ts"/>
    <attribute name="content" value="C"/>
  </form>
  <form>
    <attribute name="nucleus" value="-v"/>
    <attribute name="onset" value="w"/>
    <attribute name="content" value="6"/>
  </form>
  <form>
    <attribute name="nucleus" value="-v"/>
    <attribute name="onset" value="y"/>
    <attribute name="content" value="B"/>
  </form>
  
</paradigm></document>
