<?xml version="1.0"?>
<document>
<metaproperties>
	<source>Crowley, Siegel et al 1995:322</source>
	<copyright/>
	<title>French concord</title>
</metaproperties>



<attributes>
  <name name="gender">
    <value value="masculine"/>
    <value value="feminine"/>
  </name>
  <name name="number">
    <value value="singular"/>
    <value value="plural"/>
  </name>
  <name name="language">
    <value value="French"/>
    <value value="English"/>
  </name>
  <name name="content">
    <value value="le bon livre"/>
    <value value="the good book"/>
    <value value="ce livre vert"/>
    <value value="this green book"/>
    <value value="mon grand frere"/>
    <value value="my big brother"/>
    <value value="les bon livres"/>
    <value value="the good books"/>
    <value value="ces livres verts"/>
    <value value="these green books"/>
    <value value="mes grands freres"/>
    <value value="my big brothers"/>
    <value value="la bonne maison"/>
    <value value="the good house"/>
    <value value="cette maison verte"/>
    <value value="this green house"/>
    <value value="ma grande soeur"/>
    <value value="my big sister"/>
    <value value="les bonnes maisons"/>
    <value value="the good houses"/>
    <value value="ces maisons vertes"/>
    <value value="these green houses"/>
    <value value="mes grandes soeurs"/>
    <value value="my big sisters"/>  
  </name>
  <name name="case">
    <value value="definite"/>
    <value value="demonstrative"/>
    <value value="possessive"/>
  </name>
</attributes>

<paradigm>
  <form>
    <attribute name="gender" value="masculine"/>
    <attribute name="number" value="singular"/>
    <attribute name="language" value="French"/>
    <attribute name="case" value="definite"/>
    <attribute name="content" value="le bon livre"/>
  </form>
  <form>
    <attribute name="gender" value="masculine"/>
    <attribute name="number" value="singular"/>
    <attribute name="language" value="English"/>
    <attribute name="case" value="definite"/>
    <attribute name="content" value="the good book"/>
  </form>
  <form>
    <attribute name="gender" value="masculine"/>
    <attribute name="number" value="singular"/>
    <attribute name="language" value="French"/>
    <attribute name="case" value="demonstrative"/>
    <attribute name="content" value="ce livre vert"/>
  </form>  
  <form>
    <attribute name="gender" value="masculine"/>
    <attribute name="number" value="singular"/>
    <attribute name="language" value="English"/>
    <attribute name="case" value="demonstrative"/>
    <attribute name="content" value="this green book"/>
  </form> 
  <form>
    <attribute name="gender" value="masculine"/>
    <attribute name="number" value="singular"/>
    <attribute name="language" value="French"/>
    <attribute name="case" value="possessive"/>
    <attribute name="content" value="mon grand frere"/>
  </form>  
  <form>
    <attribute name="gender" value="masculine"/>
    <attribute name="number" value="singular"/>
    <attribute name="language" value="English"/>
    <attribute name="case" value="possessive"/>
    <attribute name="content" value="my big brother"/>
  </form>  

  <form>
    <attribute name="gender" value="masculine"/>
    <attribute name="number" value="plural"/>
    <attribute name="language" value="French"/>
    <attribute name="case" value="definite"/>
    <attribute name="content" value="les bon livres"/>
  </form>
  <form>
    <attribute name="gender" value="masculine"/>
    <attribute name="number" value="plural"/>
    <attribute name="language" value="English"/>
    <attribute name="case" value="definite"/>
    <attribute name="content" value="the good books"/>
  </form>
  <form>
    <attribute name="gender" value="masculine"/>
    <attribute name="number" value="plural"/>
    <attribute name="language" value="French"/>
    <attribute name="case" value="demonstrative"/>
    <attribute name="content" value="ces livres verts"/>
  </form>  
  <form>
    <attribute name="gender" value="masculine"/>
    <attribute name="number" value="plural"/>
    <attribute name="language" value="English"/>
    <attribute name="case" value="demonstrative"/>
    <attribute name="content" value="these green books"/>
  </form> 
  <form>
    <attribute name="gender" value="masculine"/>
    <attribute name="number" value="plural"/>
    <attribute name="language" value="French"/>
    <attribute name="case" value="possessive"/>
    <attribute name="content" value="mes grands freres"/>
  </form>  
  <form>
    <attribute name="gender" value="masculine"/>
    <attribute name="number" value="plural"/>
    <attribute name="language" value="English"/>
    <attribute name="case" value="possessive"/>
    <attribute name="content" value="my big brothers"/>
  </form> 

  <form>
    <attribute name="gender" value="feminine"/>
    <attribute name="number" value="singular"/>
    <attribute name="language" value="French"/>
    <attribute name="case" value="definite"/>
    <attribute name="content" value="la bonne maison"/>
  </form>
  <form>
    <attribute name="gender" value="feminine"/>
    <attribute name="number" value="singular"/>
    <attribute name="language" value="English"/>
    <attribute name="case" value="definite"/>
    <attribute name="content" value="the good house"/>
  </form>
  <form>
    <attribute name="gender" value="feminine"/>
    <attribute name="number" value="singular"/>
    <attribute name="language" value="French"/>
    <attribute name="case" value="demonstrative"/>
    <attribute name="content" value="cette maison verte"/>
  </form>  
  <form>
    <attribute name="gender" value="feminine"/>
    <attribute name="number" value="singular"/>
    <attribute name="language" value="English"/>
    <attribute name="case" value="demonstrative"/>
    <attribute name="content" value="this green house"/>
  </form> 
  <form>
    <attribute name="gender" value="feminine"/>
    <attribute name="number" value="singular"/>
    <attribute name="language" value="French"/>
    <attribute name="case" value="possessive"/>
    <attribute name="content" value="ma grande soeur"/>
  </form>  
  <form>
    <attribute name="gender" value="feminine"/>
    <attribute name="number" value="singular"/>
    <attribute name="language" value="English"/>
    <attribute name="case" value="possessive"/>
    <attribute name="content" value="my big sister"/>
  </form>  

  <form>
    <attribute name="gender" value="feminine"/>
    <attribute name="number" value="plural"/>
    <attribute name="language" value="French"/>
    <attribute name="case" value="definite"/>
    <attribute name="content" value="les bonnes maisons"/>
  </form>
  <form>
    <attribute name="gender" value="feminine"/>
    <attribute name="number" value="plural"/>
    <attribute name="language" value="English"/>
    <attribute name="case" value="definite"/>
    <attribute name="content" value="the good houses"/>
  </form>
  <form>
    <attribute name="gender" value="feminine"/>
    <attribute name="number" value="plural"/>
    <attribute name="language" value="French"/>
    <attribute name="case" value="demonstrative"/>
    <attribute name="content" value="ces maisons vertes"/>
  </form>  
  <form>
    <attribute name="gender" value="feminine"/>
    <attribute name="number" value="plural"/>
    <attribute name="language" value="English"/>
    <attribute name="case" value="demonstrative"/>
    <attribute name="content" value="these green houses"/>
  </form> 
  <form>
    <attribute name="gender" value="feminine"/>
    <attribute name="number" value="plural"/>
    <attribute name="language" value="French"/>
    <attribute name="case" value="possessive"/>
    <attribute name="content" value="mes grandes soeurs"/>
  </form>  
  <form>
    <attribute name="gender" value="feminine"/>
    <attribute name="number" value="plural"/>
    <attribute name="language" value="English"/>
    <attribute name="case" value="possessive"/>
    <attribute name="content" value="my big sisters"/>
  </form> 

 
</paradigm></document>
