<?xml version="1.0"?>
<document><metaproperties>
	<source>Haiman 1998:544</source>
	<copyright/>
	<title>Hua personal pronouns</title>
</metaproperties>


<attributes>
<name name="case">
    <value value="citation"/>
    <value value="benefactive"/>
    <value value="ergative"/>
    <value value="genitive"/>
  </name>
  <name name="person">
    <value value="1sg"/>
    <value value="2sg"/>
    <value value="3sg"/>
    <value value="1du"/>
    <value value="2/3du"/>
    <value value="1pl"/>
    <value value="2/3pl"/>
  </name>
  <name name="content">
    <value value="dgai-'"/>
    <value value="dgai-a"/>
    <value value="dgai-si'"/>
    <value value="dgaivi'bamu'da"/>
    <value value="gai-'"/>
    <value value="gai-a"/>
    <value value="gai-si'"/>
    <value value="gaivi'bamu'"/>
    <value value="kgai-'"/>
    <value value="kgai-a"/>
    <value value="kgai-si'"/>
    <value value="kgaivi'bamuga"/>
    <value value="pa'agai-'"/>
    <value value="pa'agai-a"/>
    <value value="pa'agaimita'a"/>
    <value value="pa'agaisi'"/>
    <value value="pgai-'"/>
    <value value="pgai-a"/>
    <value value="pgaimita"/>
    <value value="pgaisi'"/>
    <value value="ra'agai-'"/>
    <value value="ra'agai-a"/>
    <value value="ra'agaimuta'a"/>
    <value value="ra'agaisi'"/>
    <value value="rgai-'"/>
    <value value="rgai-a"/>
    <value value="rgaimuta"/>
    <value value="rgaisi'"/>
  </name>
</attributes>

<paradigm>
  <form>
    <attribute name="case" value="citation"/>
    <attribute name="person" value="1sg"/>
    <attribute name="content" value="dgai-a"/>
  </form>
  <form>
    <attribute name="case" value="citation"/>
    <attribute name="person" value="2sg"/>
    <attribute name="content" value="kgai-a"/>
  </form>
  <form>
    <attribute name="case" value="citation"/>
    <attribute name="person" value="3sg"/>
    <attribute name="content" value="gai-a"/>
  </form>
  <form>
    <attribute name="case" value="citation"/>
    <attribute name="person" value="1du"/>
    <attribute name="content" value="ra'agai-a"/>
  </form>
  <form>
    <attribute name="case" value="citation"/>
    <attribute name="person" value="2/3du"/>
    <attribute name="content" value="pa'agai-a"/>
  </form>
  <form>
    <attribute name="case" value="citation"/>
    <attribute name="person" value="1pl"/>
    <attribute name="content" value="rgai-a"/>
  </form>
  <form>
    <attribute name="case" value="citation"/>
    <attribute name="person" value="2/3pl"/>
    <attribute name="content" value="pgai-a"/>
  </form>

  <form>
    <attribute name="case" value="benefactive"/>
    <attribute name="person" value="1sg"/>
    <attribute name="content" value="dgai-si'"/>
  </form>
  <form>
    <attribute name="case" value="benefactive"/>
    <attribute name="person" value="2sg"/>
    <attribute name="content" value="kgai-si'"/>
  </form>
  <form>
    <attribute name="case" value="benefactive"/>
    <attribute name="person" value="3sg"/>
    <attribute name="content" value="gai-si'"/>
  </form>
  <form>
    <attribute name="case" value="benefactive"/>
    <attribute name="person" value="1du"/>
    <attribute name="content" value="ra'agaisi'"/>
  </form>
  <form>
    <attribute name="case" value="benefactive"/>
    <attribute name="person" value="2/3du"/>
    <attribute name="content" value="pa'agaisi'"/>
  </form>
  <form>
    <attribute name="case" value="benefactive"/>
    <attribute name="person" value="1pl"/>
    <attribute name="content" value="rgaisi'"/>
  </form>
  <form>
    <attribute name="case" value="benefactive"/>
    <attribute name="person" value="2/3pl"/>
    <attribute name="content" value="pgaisi'"/>
  </form>

  <form>
    <attribute name="case" value="ergative"/>
    <attribute name="person" value="1sg"/>
    <attribute name="content" value="dgaivi'bamu'da"/>
  </form>
  <form>
    <attribute name="case" value="ergative"/>
    <attribute name="person" value="2sg"/>
    <attribute name="content" value="kgaivi'bamuga"/>
  </form>
  <form>
    <attribute name="case" value="ergative"/>
    <attribute name="person" value="3sg"/>
    <attribute name="content" value="gaivi'bamu'"/>
  </form>
  <form>
    <attribute name="case" value="ergative"/>
    <attribute name="person" value="1du"/>
    <attribute name="content" value="ra'agaimuta'a"/>
  </form>
  <form>
    <attribute name="case" value="ergative"/>
    <attribute name="person" value="2/3du"/>
    <attribute name="content" value="pa'agaimita'a"/>
  </form>
  <form>
    <attribute name="case" value="ergative"/>
    <attribute name="person" value="1pl"/>
    <attribute name="content" value="rgaimuta"/>
  </form>
  <form>
    <attribute name="case" value="ergative"/>
    <attribute name="person" value="2/3pl"/>
    <attribute name="content" value="pgaimita"/>
  </form>

  <form>
    <attribute name="case" value="genitive"/>
    <attribute name="person" value="1sg"/>
    <attribute name="content" value="dgai-'"/>
  </form>
  <form>
    <attribute name="case" value="genitive"/>
    <attribute name="person" value="2sg"/>
    <attribute name="content" value="kgai-'"/>
  </form>
  <form>
    <attribute name="case" value="genitive"/>
    <attribute name="person" value="3sg"/>
    <attribute name="content" value="gai-'"/>
  </form>
  <form>
    <attribute name="case" value="genitive"/>
    <attribute name="person" value="1du"/>
    <attribute name="content" value="ra'agai-'"/>
  </form>
  <form>
    <attribute name="case" value="genitive"/>
    <attribute name="person" value="2/3du"/>
    <attribute name="content" value="pa'agai-'"/>
  </form>
  <form>
    <attribute name="case" value="genitive"/>
    <attribute name="person" value="1pl"/>
    <attribute name="content" value="rgai-'"/>
  </form>
  <form>
    <attribute name="case" value="genitive"/>
    <attribute name="person" value="2/3pl"/>
    <attribute name="content" value="pgai-'"/>
  </form>

 
</paradigm></document>
