<?xml version="1.0" encoding="UTF-8"?>
<document>

<metaproperties>
  <source>Bow, Catherine P (1999)</source>
  <copyright/>
  <title>The Vowel System of Moloko</title>
</metaproperties>

<attributes>

  <name name="ipa"><value value="baz"/>
    <value value="fat"/>
    <value value="fataj"/>
    <value value="f@tad'aj"/>
    <value value="gar"/>
    <value value="garaj"/>
    <value value="gas"/>
    <value value="g@raj"/>
    <value value="h@dz@gad'aj"/>
    <value value="lo"/>
    <value value="l~aj"/>
    <value value="Lige"/>
    <value value="m@nzar"/>
    <value value="ndawaj"/>
    <value value="ndoLaj"/>
    <value value="Se"/>
    <value value="sija"/>
    <value value="tsahaj"/>
    <value value="tsud'okWaj"/>
  </name>

  <name name="orthography"><value value="baz"/>
    <value value="fat"/>
    <value value="fatay"/>
    <value value="f@tad'ay"/>
    <value value="gar"/>
    <value value="garay"/>
    <value value="gas"/>
    <value value="g@ray"/>
    <value value="h@j@gadad'ay"/>
    <value value="lo"/>
    <value value="slay"/>
    <value value="zl@ge"/>
    <value value="m@nzar"/>
    <value value="ndaway"/>
    <value value="ndozlay"/>
    <value value="se"/>
    <value value="s@ya"/>
    <value value="cahay"/>
    <value value="c@d'okay"/>
  </name>

  <name name="underlyingform"><value value="abz"/>
    <value value="ft"/>
    <value value=""/>
    <value value="gr"/>
    <value value="gar"/>
    <value value="gs"/>
    <value value="agr"/>
    <value value="hdzgad'"/>
    <value value="lW?"/>
    <value value="l~"/>
    <value value="Lg"/>
    <value value="mnzar"/>
    <value value="andaw"/>
    <value value="ndaw"/>
    <value value="ndoL?"/>
    <value value="sY?"/>
    <value value="?"/>
    <value value="atsah"/>
    <value value="tsd'akW"/>
  </name>

  <name name="suffix"><value value="-"/>
    <value value="-aj"/>
    <value value="-e"/>
  </name>

  <name name="initial-a"><value value="a-"/>
    <value value="-"/>
  </name>

  <name name="prosody"><value value="-"/>
    <value value="LAB"/>
    <value value="PAL?"/>
    <value value="LAB?"/>
  </name>

  <name name="number-C"><value value="2"/>
    <value value="3"/>
    <value value="4"/>
    <value value="1"/>
  </name>

  <name name="internal-V"><value value="-"/>
    <value value="1"/>
    <value value="yes"/>
    <value value="yes?"/>
  </name>

  <name name="tone"><value value="L"/>
    <value value="M"/>
    <value value="MH"/>
    <value value="MMH"/>
    <value value="H"/>
    <value value="LM"/>
    <value value="MMMH"/>
    <value value="LL"/>
    <value value="HH"/>
    <value value="HM"/>
  </name>

  <name name="underlyingtone"><value value="L"/>
    <value value="H"/>
    <value value="0"/>
    <value value="L?"/>
    <value value="?"/>
  </name>
</attributes>

<paradigm>
  <form>
    <attribute name="ipa" value="baz"/>
    <attribute name="orthography" value="baz"/>
    <attribute name="underlyingform" value="abz"/>
    <attribute name="suffix" value="-"/>
    <attribute name="initial-a" value="a-"/>
    <attribute name="prosody" value="-"/>
    <attribute name="number-C" value="2"/>
    <attribute name="internal-V" value="-"/>
    <attribute name="tone" value="L"/>
    <attribute name="underlyingtone" value="L"/>
  </form>
  <form>
    <attribute name="ipa" value="fat"/>
    <attribute name="orthography" value="fat"/>
    <attribute name="underlyingform" value="ft"/>
    <attribute name="suffix" value="-"/>
    <attribute name="initial-a" value="-"/>
    <attribute name="prosody" value="-"/>
    <attribute name="number-C" value="2"/>
    <attribute name="internal-V" value="-"/>
    <attribute name="tone" value="M"/>
    <attribute name="underlyingtone" value="L"/>
  </form>
  <form>
    <attribute name="ipa" value="fataj"/>
    <attribute name="orthography" value="fatay"/>
    <attribute name="underlyingform" value="ft"/>
    <attribute name="suffix" value="-aj"/>
    <attribute name="initial-a" value="-"/>
    <attribute name="prosody" value="-"/>
    <attribute name="number-C" value="2"/>
    <attribute name="internal-V" value="-"/>
    <attribute name="tone" value="MH"/>
    <attribute name="underlyingtone" value="L"/>
  </form>
  <form>
    <attribute name="ipa" value="f@tad'aj"/>
    <attribute name="orthography" value="f@tad'ay"/>
    <attribute name="underlyingform" value=""/>
    <attribute name="suffix" value="-aj"/>
    <attribute name="initial-a" value="-"/>
    <attribute name="prosody" value="-"/>
    <attribute name="number-C" value="3"/>
    <attribute name="internal-V" value="1"/>
    <attribute name="tone" value="MMH"/>
    <attribute name="underlyingtone" value="L"/>
  </form>
  <form>
    <attribute name="ipa" value="gar"/>
    <attribute name="orthography" value="gar"/>
    <attribute name="underlyingform" value="gr"/>
    <attribute name="suffix" value="-"/>
    <attribute name="initial-a" value="-"/>
    <attribute name="prosody" value="-"/>
    <attribute name="number-C" value="2"/>
    <attribute name="internal-V" value="-"/>
    <attribute name="tone" value="H"/>
    <attribute name="underlyingtone" value="H"/>
  </form>
  <form>
    <attribute name="ipa" value="garaj"/>
    <attribute name="orthography" value="garay"/>
    <attribute name="underlyingform" value="gar"/>
    <attribute name="suffix" value="-aj"/>
    <attribute name="initial-a" value="-"/>
    <attribute name="prosody" value="-"/>
    <attribute name="number-C" value="2"/>
    <attribute name="internal-V" value="yes"/>
    <attribute name="tone" value="LM"/>
    <attribute name="underlyingtone" value="0"/>
  </form>
  <form>
    <attribute name="ipa" value="gas"/>
    <attribute name="orthography" value="gas"/>
    <attribute name="underlyingform" value="gs"/>
    <attribute name="suffix" value="-"/>
    <attribute name="initial-a" value="-"/>
    <attribute name="prosody" value="-"/>
    <attribute name="number-C" value="2"/>
    <attribute name="internal-V" value="-"/>
    <attribute name="tone" value="L"/>
    <attribute name="underlyingtone" value="0"/>
  </form>
  <form>
    <attribute name="ipa" value="g@raj"/>
    <attribute name="orthography" value="g@ray"/>
    <attribute name="underlyingform" value="agr"/>
    <attribute name="suffix" value="-aj"/>
    <attribute name="initial-a" value="a-"/>
    <attribute name="prosody" value="-"/>
    <attribute name="number-C" value="2"/>
    <attribute name="internal-V" value="-"/>
    <attribute name="tone" value="LM"/>
    <attribute name="underlyingtone" value="L"/>
  </form>
  <form>
    <attribute name="ipa" value="h@dz@gad'aj"/>
    <attribute name="orthography" value="h@j@gadad'ay"/>
    <attribute name="underlyingform" value="hdzgad'"/>
    <attribute name="suffix" value="-aj"/>
    <attribute name="initial-a" value="-"/>
    <attribute name="prosody" value="-"/>
    <attribute name="number-C" value="4"/>
    <attribute name="internal-V" value="yes"/>
    <attribute name="tone" value="MMMH"/>
    <attribute name="underlyingtone" value="L"/>
  </form>
  <form>
    <attribute name="ipa" value="lo"/>
    <attribute name="orthography" value="lo"/>
    <attribute name="underlyingform" value="lW?"/>
    <attribute name="suffix" value="-"/>
    <attribute name="initial-a" value="-"/>
    <attribute name="prosody" value="LAB"/>
    <attribute name="number-C" value="1"/>
    <attribute name="internal-V" value="-"/>
    <attribute name="tone" value="H"/>
    <attribute name="underlyingtone" value="H"/>
  </form>
  <form>
    <attribute name="ipa" value="l~aj"/>
    <attribute name="orthography" value="slay"/>
    <attribute name="underlyingform" value="l~"/>
    <attribute name="suffix" value="-aj"/>
    <attribute name="initial-a" value="-"/>
    <attribute name="prosody" value="-"/>
    <attribute name="number-C" value="1"/>
    <attribute name="internal-V" value="-"/>
    <attribute name="tone" value="M"/>
    <attribute name="underlyingtone" value="L"/>
  </form>
  <form>
    <attribute name="ipa" value="Lige"/>
    <attribute name="orthography" value="zl@ge"/>
    <attribute name="underlyingform" value="Lg"/>
    <attribute name="suffix" value="-e"/>
    <attribute name="initial-a" value="-"/>
    <attribute name="prosody" value="PAL?"/>
    <attribute name="number-C" value="2"/>
    <attribute name="internal-V" value="-"/>
    <attribute name="tone" value="LL"/>
    <attribute name="underlyingtone" value="L?"/>
  </form>
  <form>
    <attribute name="ipa" value="m@nzar"/>
    <attribute name="orthography" value="m@nzar"/>
    <attribute name="underlyingform" value="mnzar"/>
    <attribute name="suffix" value="-"/>
    <attribute name="initial-a" value="-"/>
    <attribute name="prosody" value="-"/>
    <attribute name="number-C" value="3"/>
    <attribute name="internal-V" value="1"/>
    <attribute name="tone" value="LL"/>
    <attribute name="underlyingtone" value="L?"/>
  </form>
  <form>
    <attribute name="ipa" value="ndawaj"/>
    <attribute name="orthography" value="ndaway"/>
    <attribute name="underlyingform" value="andaw"/>
    <attribute name="suffix" value="-aj"/>
    <attribute name="initial-a" value="a-"/>
    <attribute name="prosody" value="-"/>
    <attribute name="number-C" value="2"/>
    <attribute name="internal-V" value="yes"/>
    <attribute name="tone" value="LM"/>
    <attribute name="underlyingtone" value="L"/>
  </form>
  <form>
    <attribute name="ipa" value="ndawaj"/>
    <attribute name="orthography" value="ndaway"/>
    <attribute name="underlyingform" value="ndaw"/>
    <attribute name="suffix" value="-aj"/>
    <attribute name="initial-a" value="-"/>
    <attribute name="prosody" value="-"/>
    <attribute name="number-C" value="2"/>
    <attribute name="internal-V" value="yes"/>
    <attribute name="tone" value="LM"/>
    <attribute name="underlyingtone" value="0"/>
  </form>
  <form>
    <attribute name="ipa" value="ndoLaj"/>
    <attribute name="orthography" value="ndozlay"/>
    <attribute name="underlyingform" value="ndoL?"/>
    <attribute name="suffix" value="-aj"/>
    <attribute name="initial-a" value="-"/>
    <attribute name="prosody" value="LAB"/>
    <attribute name="number-C" value="2"/>
    <attribute name="internal-V" value="yes"/>
    <attribute name="tone" value="HH"/>
    <attribute name="underlyingtone" value="H"/>
  </form>
  <form>
    <attribute name="ipa" value="Se"/>
    <attribute name="orthography" value="se"/>
    <attribute name="underlyingform" value="sY?"/>
    <attribute name="suffix" value="-e"/>
    <attribute name="initial-a" value="-"/>
    <attribute name="prosody" value="PAL?"/>
    <attribute name="number-C" value="1"/>
    <attribute name="internal-V" value="-"/>
    <attribute name="tone" value="M"/>
    <attribute name="underlyingtone" value="L"/>
  </form>
  <form>
    <attribute name="ipa" value="sija"/>
    <attribute name="orthography" value="s@ya"/>
    <attribute name="underlyingform" value="?"/>
    <attribute name="suffix" value="-"/>
    <attribute name="initial-a" value="-"/>
    <attribute name="prosody" value="-"/>
    <attribute name="number-C" value="2"/>
    <attribute name="internal-V" value="-"/>
    <attribute name="tone" value="HM"/>
    <attribute name="underlyingtone" value="?"/>
  </form>
  <form>
    <attribute name="ipa" value="tsahaj"/>
    <attribute name="orthography" value="cahay"/>
    <attribute name="underlyingform" value="atsah"/>
    <attribute name="suffix" value="-aj"/>
    <attribute name="initial-a" value="a-"/>
    <attribute name="prosody" value="-"/>
    <attribute name="number-C" value="2"/>
    <attribute name="internal-V" value="yes"/>
    <attribute name="tone" value="MH"/>
    <attribute name="underlyingtone" value="L"/>
  </form>
  <form>
    <attribute name="ipa" value="tsud'okWaj"/>
    <attribute name="orthography" value="c@d'okay"/>
    <attribute name="underlyingform" value="tsd'akW"/>
    <attribute name="suffix" value="-aj"/>
    <attribute name="initial-a" value="-"/>
    <attribute name="prosody" value="LAB?"/>
    <attribute name="number-C" value="3"/>
    <attribute name="internal-V" value="yes?"/>
    <attribute name="tone" value="MMH"/>
    <attribute name="underlyingtone" value="L"/>
  </form>
</paradigm>
</document>
