<?xml version="1.0"?>
<document><metaproperties>
	<source>Crowley 1992:91</source>
	<copyright/>
	<title>Polynesian cognate forms</title>
</metaproperties>


<attributes>
  <name name="language">
    <value value="Tongan"/>
    <value value="Samoan"/>
    <value value="Rarotongan"/>
    <value value="Hawaiian"/>
    <value value="English gloss"/>
  </name>
  <name name="number">
    <value value="1"/>
    <value value="2"/>
    <value value="3"/>
    <value value="4"/>
    <value value="5"/>
    <value value="6"/>
    <value value="7"/>
    <value value="8"/>
    <value value="9"/>
    <value value="10"/>
    <value value="11"/>
    <value value="12"/>
    <value value="13"/>
    <value value="14"/>
    <value value="15"/>
    <value value="16"/>
    <value value="17"/>
    <value value="18"/>
    <value value="19"/>
    <value value="20"/>
  </name>
  <name name="content">
    <value value="?aa"/>
    <value value="?aha"/>
    <value value="?ahu"/>
    <value value="?alo"/>
    <value value="?au"/>
    <value value="?eke"/>
    <value value="?ika"/>
    <value value="?ufi"/>
    <value value="?ulu"/>
    <value value="a?a"/>
    <value value="a?i"/>
    <value value="afi"/>
    <value value="ahi"/>
    <value value="aka"/>
    <value value="au"/>
    <value value="blow"/>
    <value value="dew"/>
    <value value="dodge"/>
    <value value="faa"/>
    <value value="faeces"/>
    <value value="fe?e"/>
    <value value="feke"/>
    <value value="feula"/>
    <value value="fire"/>
    <value value="firemaking"/>
    <value value="fish"/>
    <value value="forbidden"/>
    <value value="four"/>
    <value value="gall"/>
    <value value="haa"/>
    <value value="hau"/>
    <value value="he?e"/>
    <value value="head"/>
    <value value="hi?a"/>
    <value value="i?a"/>
    <value value="ihu"/>
    <value value="ika"/>
    <value value="isu"/>
    <value value="ka?a"/>
    <value value="kae"/>
    <value value="kaha"/>
    <value value="kai"/>
    <value value="kalo"/>
    <value value="kanaka"/>
    <value value="kapu"/>
    <value value="karo"/>
    <value value="malohi"/>
    <value value="malosi"/>
    <value value="man"/>
    <value value="navel"/>
    <value value="nose"/>
    <value value="octopus"/>
    <value value="piko"/>
    <value value="pito"/>
    <value value="po?o"/>
    <value value="pu?i"/>
    <value value="puhi"/>
    <value value="putangio"/>
    <value value="pute"/>
    <value value="root"/>
    <value value="sau"/>
    <value value="sea"/>
    <value value="si?a"/>
    <value value="side"/>
    <value value="strong"/>
    <value value="ta?a"/>
    <value value="ta?e"/>
    <value value="tae"/>
    <value value="tafa"/>
    <value value="tafa?aki"/>
    <value value="tafuafi"/>
    <value value="tahi"/>
    <value value="tai"/>
    <value value="tangata"/>
    <value value="tapu"/>
    <value value="u?i"/>
    <value value="ufi"/>
    <value value="uhi"/>
    <value value="ulu"/>
    <value value="uru"/>
    <value value="yam"/>
  </name>
</attributes>
<paradigm>
  <form>
    <attribute name="language" value="Tongan"/>
    <attribute name="number" value="1"/>
    <attribute name="content" value="tapu"/>
  </form>
  <form>
    <attribute name="language" value="Tongan"/>
    <attribute name="number" value="2"/>
    <attribute name="content" value="pito"/>
  </form>
  <form>
    <attribute name="language" value="Tongan"/>
    <attribute name="number" value="3"/>
    <attribute name="content" value="puhi"/>
  </form>
  <form>
    <attribute name="language" value="Tongan"/>
    <attribute name="number" value="4"/>
    <attribute name="content" value="tafa?aki"/>
  </form>
  <form>
    <attribute name="language" value="Tongan"/>
    <attribute name="number" value="5"/>
    <attribute name="content" value="ta?e"/>
  </form>
  <form>
    <attribute name="language" value="Tongan"/>
    <attribute name="number" value="6"/>
    <attribute name="content" value="tangata"/>
  </form>
  <form>
    <attribute name="language" value="Tongan"/>
    <attribute name="number" value="7"/>
    <attribute name="content" value="tahi"/>
  </form>
  <form>
    <attribute name="language" value="Tongan"/>
    <attribute name="number" value="8"/>
    <attribute name="content" value="malohi"/>
  </form>
  <form>
    <attribute name="language" value="Tongan"/>
    <attribute name="number" value="9"/>
    <attribute name="content" value="kalo"/>
  </form>
  <form>
    <attribute name="language" value="Tongan"/>
    <attribute name="number" value="10"/>
    <attribute name="content" value="aka"/>
  </form>
  <form>
    <attribute name="language" value="Tongan"/>
    <attribute name="number" value="11"/>
    <attribute name="content" value="?ahu"/>
  </form>
  <form>
    <attribute name="language" value="Tongan"/>
    <attribute name="number" value="12"/>
    <attribute name="content" value="?ulu"/>
  </form>
   <form>
    <attribute name="language" value="Tongan"/>
    <attribute name="number" value="13"/>
    <attribute name="content" value="?ufi"/>
  </form>
  <form>
    <attribute name="language" value="Tongan"/>
    <attribute name="number" value="14"/>
    <attribute name="content" value="afi"/>
  </form>
  <form>
    <attribute name="language" value="Tongan"/>
    <attribute name="number" value="15"/>
    <attribute name="content" value="faa"/>
  </form>
  <form>
    <attribute name="language" value="Tongan"/>
    <attribute name="number" value="16"/>
    <attribute name="content" value="feke"/>
  </form>
   <form>
    <attribute name="language" value="Tongan"/>
    <attribute name="number" value="17"/>
    <attribute name="content" value="ika"/>
  </form>
  <form>
    <attribute name="language" value="Tongan"/>
    <attribute name="number" value="18"/>
    <attribute name="content" value="ihu"/>
  </form>
  <form>
    <attribute name="language" value="Tongan"/>
    <attribute name="number" value="19"/>
    <attribute name="content" value="hau"/>
  </form>
  <form>
    <attribute name="language" value="Tongan"/>
    <attribute name="number" value="20"/>
    <attribute name="content" value="tafuafi"/>
  </form>



  <form>
    <attribute name="language" value="Samoan"/>
    <attribute name="number" value="1"/>
    <attribute name="content" value="tapu"/>
  </form>
  <form>
    <attribute name="language" value="Samoan"/>
    <attribute name="number" value="2"/>
    <attribute name="content" value="pute"/>
  </form>
  <form>
    <attribute name="language" value="Samoan"/>
    <attribute name="number" value="3"/>
    <attribute name="content" value="feula"/>
  </form>
  <form>
    <attribute name="language" value="Samoan"/>
    <attribute name="number" value="4"/>
    <attribute name="content" value="tafa"/>
  </form>
  <form>
    <attribute name="language" value="Samoan"/>
    <attribute name="number" value="5"/>
    <attribute name="content" value="tae"/>
  </form>
  <form>
    <attribute name="language" value="Samoan"/>
    <attribute name="number" value="6"/>
    <attribute name="content" value="tangata"/>
  </form>
  <form>
    <attribute name="language" value="Samoan"/>
    <attribute name="number" value="7"/>
    <attribute name="content" value="tai"/>
  </form>
  <form>
    <attribute name="language" value="Samoan"/>
    <attribute name="number" value="8"/>
    <attribute name="content" value="malosi"/>
  </form>
  <form>
    <attribute name="language" value="Samoan"/>
    <attribute name="number" value="9"/>
    <attribute name="content" value="?alo"/>
  </form>
  <form>
    <attribute name="language" value="Samoan"/>
    <attribute name="number" value="10"/>
    <attribute name="content" value="a?a"/>
  </form>
  <form>
    <attribute name="language" value="Samoan"/>
    <attribute name="number" value="11"/>
    <attribute name="content" value="au"/>
  </form>
  <form>
    <attribute name="language" value="Samoan"/>
    <attribute name="number" value="12"/>
    <attribute name="content" value="ulu"/>
  </form>
   <form>
    <attribute name="language" value="Samoan"/>
    <attribute name="number" value="13"/>
    <attribute name="content" value="ufi"/>
  </form>
  <form>
    <attribute name="language" value="Samoan"/>
    <attribute name="number" value="14"/>
    <attribute name="content" value="afi"/>
  </form>
  <form>
    <attribute name="language" value="Samoan"/>
    <attribute name="number" value="15"/>
    <attribute name="content" value="faa"/>
  </form>
  <form>
    <attribute name="language" value="Samoan"/>
    <attribute name="number" value="16"/>
    <attribute name="content" value="fe?e"/>
  </form>
   <form>
    <attribute name="language" value="Samoan"/>
    <attribute name="number" value="17"/>
    <attribute name="content" value="i?a"/>
  </form>
  <form>
    <attribute name="language" value="Samoan"/>
    <attribute name="number" value="18"/>
    <attribute name="content" value="isu"/>
  </form>
  <form>
    <attribute name="language" value="Samoan"/>
    <attribute name="number" value="19"/>
    <attribute name="content" value="sau"/>
  </form>
  <form>
    <attribute name="language" value="Samoan"/>
    <attribute name="number" value="20"/>
    <attribute name="content" value="si?a"/>
  </form>

   

  <form>
    <attribute name="language" value="Rarotongan"/>
    <attribute name="number" value="1"/>
    <attribute name="content" value="tapu"/>
  </form>
  <form>
    <attribute name="language" value="Rarotongan"/>
    <attribute name="number" value="2"/>
    <attribute name="content" value="pito"/>
  </form>
  <form>
    <attribute name="language" value="Rarotongan"/>
    <attribute name="number" value="3"/>
    <attribute name="content" value="pu?i"/>
  </form>
  <form>
    <attribute name="language" value="Rarotongan"/>
    <attribute name="number" value="4"/>
    <attribute name="content" value="ta?a"/>
  </form>
  <form>
    <attribute name="language" value="Rarotongan"/>
    <attribute name="number" value="5"/>
    <attribute name="content" value="tae"/>
  </form>
  <form>
    <attribute name="language" value="Rarotongan"/>
    <attribute name="number" value="6"/>
    <attribute name="content" value="tangata"/>
  </form>
  <form>
    <attribute name="language" value="Rarotongan"/>
    <attribute name="number" value="7"/>
    <attribute name="content" value="tai"/>
  </form>
  <form>
    <attribute name="language" value="Rarotongan"/>
    <attribute name="number" value="8"/>
    <attribute name="content" value="ka?a"/>
  </form>
  <form>
    <attribute name="language" value="Rarotongan"/>
    <attribute name="number" value="9"/>
    <attribute name="content" value="karo"/>
  </form>
  <form>
    <attribute name="language" value="Rarotongan"/>
    <attribute name="number" value="10"/>
    <attribute name="content" value="aka"/>
  </form>
  <form>
    <attribute name="language" value="Rarotongan"/>
    <attribute name="number" value="11"/>
    <attribute name="content" value="au"/>
  </form>
  <form>
    <attribute name="language" value="Rarotongan"/>
    <attribute name="number" value="12"/>
    <attribute name="content" value="uru"/>
  </form>
   <form>
    <attribute name="language" value="Rarotongan"/>
    <attribute name="number" value="13"/>
    <attribute name="content" value="u?i"/>
  </form>
  <form>
    <attribute name="language" value="Rarotongan"/>
    <attribute name="number" value="14"/>
    <attribute name="content" value="a?i"/>
  </form>
  <form>
    <attribute name="language" value="Rarotongan"/>
    <attribute name="number" value="15"/>
    <attribute name="content" value="?aa"/>
  </form>
  <form>
    <attribute name="language" value="Rarotongan"/>
    <attribute name="number" value="16"/>
    <attribute name="content" value="?eke"/>
  </form>
   <form>
    <attribute name="language" value="Rarotongan"/>
    <attribute name="number" value="17"/>
    <attribute name="content" value="ika"/>
  </form>
  <form>
    <attribute name="language" value="Rarotongan"/>
    <attribute name="number" value="18"/>
    <attribute name="content" value="putangio"/>
  </form>
  <form>
    <attribute name="language" value="Rarotongan"/>
    <attribute name="number" value="19"/>
    <attribute name="content" value="?au"/>
  </form>
  <form>
    <attribute name="language" value="Rarotongan"/>
    <attribute name="number" value="20"/>
    <attribute name="content" value="?ika"/>
  </form>

 
   <form>
    <attribute name="language" value="Hawaiian"/>
    <attribute name="number" value="1"/>
    <attribute name="content" value="kapu"/>
  </form>
  <form>
    <attribute name="language" value="Hawaiian"/>
    <attribute name="number" value="2"/>
    <attribute name="content" value="piko"/>
  </form>
  <form>
    <attribute name="language" value="Hawaiian"/>
    <attribute name="number" value="3"/>
    <attribute name="content" value="puhi"/>
  </form>
  <form>
    <attribute name="language" value="Hawaiian"/>
    <attribute name="number" value="4"/>
    <attribute name="content" value="kaha"/>
  </form>
  <form>
    <attribute name="language" value="Hawaiian"/>
    <attribute name="number" value="5"/>
    <attribute name="content" value="kae"/>
  </form>
  <form>
    <attribute name="language" value="Hawaiian"/>
    <attribute name="number" value="6"/>
    <attribute name="content" value="kanaka"/>
  </form>
  <form>
    <attribute name="language" value="Hawaiian"/>
    <attribute name="number" value="7"/>
    <attribute name="content" value="kai"/>
  </form>
  <form>
    <attribute name="language" value="Hawaiian"/>
    <attribute name="number" value="8"/>
    <attribute name="content" value="?aha"/>
  </form>
  <form>
    <attribute name="language" value="Hawaiian"/>
    <attribute name="number" value="9"/>
    <attribute name="content" value="?alo"/>
  </form>
  <form>
    <attribute name="language" value="Hawaiian"/>
    <attribute name="number" value="10"/>
    <attribute name="content" value="a?a"/>
  </form>
  <form>
    <attribute name="language" value="Hawaiian"/>
    <attribute name="number" value="11"/>
    <attribute name="content" value="au"/>
  </form>
  <form>
    <attribute name="language" value="Hawaiian"/>
    <attribute name="number" value="12"/>
    <attribute name="content" value="po?o"/>
  </form>
   <form>
    <attribute name="language" value="Hawaiian"/>
    <attribute name="number" value="13"/>
    <attribute name="content" value="uhi"/>
  </form>
  <form>
    <attribute name="language" value="Hawaiian"/>
    <attribute name="number" value="14"/>
    <attribute name="content" value="ahi"/>
  </form>
  <form>
    <attribute name="language" value="Hawaiian"/>
    <attribute name="number" value="15"/>
    <attribute name="content" value="haa"/>
  </form>
  <form>
    <attribute name="language" value="Hawaiian"/>
    <attribute name="number" value="16"/>
    <attribute name="content" value="he?e"/>
  </form>
   <form>
    <attribute name="language" value="Hawaiian"/>
    <attribute name="number" value="17"/>
    <attribute name="content" value="i?a"/>
  </form>
  <form>
    <attribute name="language" value="Hawaiian"/>
    <attribute name="number" value="18"/>
    <attribute name="content" value="ihu"/>
  </form>
  <form>
    <attribute name="language" value="Hawaiian"/>
    <attribute name="number" value="19"/>
    <attribute name="content" value="hau"/>
  </form>
  <form>
    <attribute name="language" value="Hawaiian"/>
    <attribute name="number" value="20"/>
    <attribute name="content" value="hi?a"/>
  </form>

 
 
   <form>
    <attribute name="language" value="English gloss"/>
    <attribute name="number" value="1"/>
    <attribute name="content" value="forbidden"/>
  </form>
  <form>
    <attribute name="language" value="English gloss"/>
    <attribute name="number" value="2"/>
    <attribute name="content" value="navel"/>
  </form>
  <form>
    <attribute name="language" value="English gloss"/>
    <attribute name="number" value="3"/>
    <attribute name="content" value="blow"/>
  </form>
  <form>
    <attribute name="language" value="English gloss"/>
    <attribute name="number" value="4"/>
    <attribute name="content" value="side"/>
  </form>
  <form>
    <attribute name="language" value="English gloss"/>
    <attribute name="number" value="5"/>
    <attribute name="content" value="faeces"/>
  </form>
  <form>
    <attribute name="language" value="English gloss"/>
    <attribute name="number" value="6"/>
    <attribute name="content" value="man"/>
  </form>
  <form>
    <attribute name="language" value="English gloss"/>
    <attribute name="number" value="7"/>
    <attribute name="content" value="sea"/>
  </form>
  <form>
    <attribute name="language" value="English gloss"/>
    <attribute name="number" value="8"/>
    <attribute name="content" value="strong"/>
  </form>
  <form>
    <attribute name="language" value="English gloss"/>
    <attribute name="number" value="9"/>
    <attribute name="content" value="dodge"/>
  </form>
  <form>
    <attribute name="language" value="English gloss"/>
    <attribute name="number" value="10"/>
    <attribute name="content" value="root"/>
  </form>
  <form>
    <attribute name="language" value="English gloss"/>
    <attribute name="number" value="11"/>
    <attribute name="content" value="gall"/>
  </form>
  <form>
    <attribute name="language" value="English gloss"/>
    <attribute name="number" value="12"/>
    <attribute name="content" value="head"/>
  </form>
   <form>
    <attribute name="language" value="English gloss"/>
    <attribute name="number" value="13"/>
    <attribute name="content" value="yam"/>
  </form>
  <form>
    <attribute name="language" value="English gloss"/>
    <attribute name="number" value="14"/>
    <attribute name="content" value="fire"/>
  </form>
  <form>
    <attribute name="language" value="English gloss"/>
    <attribute name="number" value="15"/>
    <attribute name="content" value="four"/>
  </form>
  <form>
    <attribute name="language" value="English gloss"/>
    <attribute name="number" value="16"/>
    <attribute name="content" value="octopus"/>
  </form>
   <form>
    <attribute name="language" value="English gloss"/>
    <attribute name="number" value="17"/>
    <attribute name="content" value="fish"/>
  </form>
  <form>
    <attribute name="language" value="English gloss"/>
    <attribute name="number" value="18"/>
    <attribute name="content" value="nose"/>
  </form>
  <form>
    <attribute name="language" value="English gloss"/>
    <attribute name="number" value="19"/>
    <attribute name="content" value="dew"/>
  </form>
  <form>
    <attribute name="language" value="English gloss"/>
    <attribute name="number" value="20"/>
    <attribute name="content" value="firemaking"/>
  </form>

  
</paradigm></document>
