<?xml version='1.0' encoding='utf8'?>
<shoebox><_sh>v3.0  400  MDF 4.0 (alternate hierarchy)</_sh><entry><lx>caangv</lx><sense><sn>1</sn><ps>v</ps><dv>i bung nzaeng</dv><de>two parties fight each other</de><gn>抢</gn><gp>qiang3</gp><dn>双方争夺</dn><example><xv>~ jouh</xv><xe>snatch the ball from someone's hands</xe><xn>抢球</xn></example><lexfunc><lexvalue /></lexfunc></sense><sense><sn>2</sn><ps>v</ps><dv>nzaeng ndaangc</dv><ge>compete_for</ge><gn>抢</gn><gp>qiang3</gp><dn>争先</dn><example><xv>~ jenv gorngv wac</xv><xe>try to speak first</xe><xn>争着说话</xn></example><lexfunc><lexvalue /></lexfunc></sense><sense><sn>3</sn><dv>siepv</dv><ge>hurry</ge><de>fast</de><gn>抢</gn><gp>qiang3</gp><dn>快</dn><example><xv>~ zuangx</xv><xe>plant in a hurry</xe><xn>抢种</xn></example><lexfunc><lexvalue /></lexfunc></sense><dt>18/Feb/2004</dt></entry><entry><lx>caangv daapv</lx><sense><ps>v</ps><dv>baeqc laanh naaic nyei sic, caangv ndaangc daapv cuotv daaih</dv><de>hurry to answer a question before others</de><gn>抢答</gn><gp>qiang3da2</gp><dn>他人提问的问题，抢先把它回答出来</dn><example /><lexfunc><lexvalue /></lexfunc></sense><dt>18/Feb/2004</dt></entry><entry><lx>ceuv</lx><sense><sn>1</sn><dv>cuh haic</dv><de>very noisy</de><gn>吵</gn><gp>chao3</gp><dn>很嘈杂</dn><example><xv>Zorqv yie ~ nyie av.</xv><xe>The noise woke me up.</xe><xn>把我吵醒了。</xn></example><lexfunc><lexvalue /></lexfunc></sense><sense><sn>2</sn><ps>vobj</ps><dv>nzaeng</dv><ge>quarrel</ge><gn>吵</gn><gp>chao3</gp><dn>争吵</dn><example><xv>Ninh mbuo i dauh ~ jiax.</xv><xe>Two people are quarreling</xe><xn>他们两人吵架。</xn></example><lexfunc><lexvalue /></lexfunc></sense><dt>18/Feb/2004</dt></entry><entry><lx>ceuv jiax</lx><sense><ps>vobj</ps><dv>nzaeng jiax</dv><ge>quarrel</ge><gn>吵架</gn><gp>chao3 jia4</gp><dn>争吵</dn><example><xv>Ninh mbuo i hmuangv mv ~ jiex jiax.</xv><xe>That husband and wife have never quarrelled.</xe><xn>他们夫妻俩从来不吵架。</xn></example><example><xv>Gorngv duh leiz mv duqv ~.</xv><xe>Have some common sense, don't quarrel.</xe><xn>讲道理，别吵架．</xn></example><lexfunc><lexvalue /></lexfunc></sense><dt>18/Feb/2004</dt></entry><entry><lx>ciex</lx><sense><ps>adj</ps><dv>mv ziangx</dv><ge>crooked</ge><ge>slanted</ge><gn>斜</gn><gp>xie2</gp><dn>不正</dn><example><xv>Naaiv diuh ndiouh mv ziangx, ~ nyei.</xv><xe>This pillar is not straight, but crooked.</xe><xn>这根柱子不正，斜的。</xn></example><lexfunc><lf>Ant</lf><lexvalue><lv>ziangx</lv></lexvalue></lexfunc></sense><dt>19/Feb/2004</dt></entry></shoebox>